date,station_id,station_name,solar_radiation,sunshine_duration,mean_temperature,mean_cloud_cover
2020-01-01,108,서울,4.53,0.8,-2.2,8.9
2020-01-02,108,서울,3.47,0.0,1.0,7.9
2020-01-03,108,서울,10.1,8.8,-0.1,0.0
2020-01-04,108,서울,9.29,7.9,1.2,2.1
2020-01-05,108,서울,9.1,7.1,1.3,3.9
2020-01-06,108,서울,2.03,0.0,3.1,9.8
2020-01-07,108,서울,0.75,0.0,6.3,10.0
2020-01-08,108,서울,1.84,0.0,2.4,9.6
2020-01-09,108,서울,9.14,8.7,-1.2,1.6
2020-01-10,108,서울,9.39,7.5,-0.6,3.1
2020-01-11,108,서울,10.13,8.1,-0.1,3.6
2020-01-12,108,서울,10.33,8.6,-1.0,3.6
2020-01-13,108,서울,11.15,8.1,-2.9,1.4
2020-01-14,108,서울,10.06,8.5,-2.3,1.0
2020-01-15,108,서울,11.6,9.2,-2.7,0.1
2020-01-16,108,서울,10.75,8.3,-1.7,5.0
2020-01-17,108,서울,9.85,7.6,-0.6,4.8
2020-01-18,108,서울,11.38,9.1,0.3,2.1
2020-01-19,108,서울,6.08,4.8,1.9,4.8
2020-01-20,108,서울,10.24,8.7,0.7,2.3
2020-01-21,108,서울,11.55,9.2,-0.4,2.9
2020-01-22,108,서울,6.8,3.7,3.0,7.8
2020-01-23,108,서울,10.73,8.8,4.6,3.4
2020-01-24,108,서울,10.53,8.8,2.8,3.0
2020-01-25,108,서울,7.86,3.6,4.3,7.4
2020-01-26,108,서울,11.21,7.3,5.5,5.8
2020-01-27,108,서울,2.76,0.0,5.9,9.5
2020-01-28,108,서울,3.98,0.0,6.8,7.3
2020-01-29,108,서울,7.3,3.1,6.0,6.6
2020-01-30,108,서울,9.24,5.5,5.2,4.0
2020-01-31,108,서울,9.41,6.1,3.9,4.8
2020-02-01,108,서울,7.17,5.3,2.6,3.4
2020-02-02,108,서울,8.39,4.8,1.5,6.1
2020-02-03,108,서울,13.56,9.6,-0.4,1.5
2020-02-04,108,서울,10.01,6.4,-1.6,3.9
2020-02-05,108,서울,14.82,9.7,-8.3,0.0
2020-02-06,108,서울,13.97,9.7,-6.4,0.9
2020-02-07,108,서울,10.14,6.1,-1.7,8.9
2020-02-08,108,서울,13.89,9.6,-0.1,2.5
2020-02-09,108,서울,14.33,9.6,-0.5,2.8
2020-02-10,108,서울,14.22,9.7,4.0,1.1
2020-02-11,108,서울,10.91,7.6,6.8,2.3
2020-02-12,108,서울,2.86,0.0,7.4,9.9
2020-02-13,108,서울,6.43,1.3,6.5,9.1
2020-02-14,108,서울,13.13,8.7,8.1,2.1
2020-02-15,108,서울,8.77,5.0,9.8,5.8
2020-02-16,108,서울,4.14,1.6,-1.4,8.9
2020-02-17,108,서울,7.08,3.2,-5.9,6.5
2020-02-18,108,서울,16.78,10.1,-4.1,0.0
2020-02-19,108,서울,12.13,7.4,1.0,6.0
2020-02-20,108,서울,13.71,9.4,4.6,2.5
2020-02-21,108,서울,6.5,1.1,6.7,9.3
2020-02-22,108,서울,9.06,5.9,4.0,5.9
2020-02-23,108,서울,17.37,10.2,2.5,0.9
2020-02-24,108,서울,13.21,7.7,7.0,7.0
2020-02-25,108,서울,4.11,0.6,6.7,7.5
2020-02-26,108,서울,10.45,4.8,6.4,5.3
2020-02-27,108,서울,16.77,10.4,6.1,2.6
2020-02-28,108,서울,2.41,0.0,4.5,9.8
2020-02-29,108,서울,17.12,9.5,7.7,3.0
2020-03-01,108,서울,5.4,0.2,5.8,8.1
2020-03-02,108,서울,17.08,10.0,3.4,1.6
2020-03-03,108,서울,10.62,4.1,4.8,6.5
2020-03-04,108,서울,10.41,6.6,2.2,5.1
2020-03-05,108,서울,19.25,10.9,1.4,0.0
2020-03-06,108,서울,16.82,10.6,3.7,2.5
2020-03-07,108,서울,13.0,5.9,7.0,5.4
2020-03-08,108,서울,18.27,10.7,9.3,0.3
2020-03-09,108,서울,14.19,7.1,11.1,6.5
2020-03-10,108,서울,2.72,0.0,6.4,7.5
2020-03-11,108,서울,20.72,11.2,3.8,0.0
2020-03-12,108,서울,14.32,8.1,6.8,4.0
2020-03-13,108,서울,17.82,9.7,4.9,6.6
2020-03-14,108,서울,18.6,10.0,3.6,2.1
2020-03-15,108,서울,17.29,8.5,4.0,3.1
2020-03-16,108,서울,21.18,11.3,3.6,1.0
2020-03-17,108,서울,6.89,4.2,6.6,4.8
2020-03-18,108,서울,20.66,11.1,10.0,0.0
2020-03-19,108,서울,15.51,7.7,9.1,3.4
2020-03-20,108,서울,20.58,11.0,8.8,0.4
2020-03-21,108,서울,14.83,6.1,12.8,6.9
2020-03-22,108,서울,22.54,11.6,11.0,0.1
2020-03-23,108,서울,20.72,11.5,10.6,0.0
2020-03-24,108,서울,21.06,11.5,11.4,0.0
2020-03-25,108,서울,19.29,9.2,12.5,4.0
2020-03-26,108,서울,11.97,4.3,14.8,6.9
2020-03-27,108,서울,17.04,7.4,11.9,5.1
2020-03-28,108,서울,19.87,9.1,7.7,5.1
2020-03-29,108,서울,23.12,11.6,8.7,1.5
2020-03-30,108,서울,22.73,11.7,10.2,0.9
2020-03-31,108,서울,20.68,10.0,11.9,5.5
2020-04-01,108,서울,19.12,8.6,11.3,3.5
2020-04-02,108,서울,21.25,10.6,9.3,2.6
2020-04-03,108,서울,22.56,10.7,10.0,1.3
2020-04-04,108,서울,23.33,10.4,8.9,0.8
2020-04-05,108,서울,24.58,12.1,7.2,0.0
2020-04-06,108,서울,22.51,11.4,9.3,3.5
2020-04-07,108,서울,19.3,9.0,10.6,2.1
2020-04-08,108,서울,24.86,12.3,9.4,0.0
2020-04-09,108,서울,24.79,11.8,8.9,1.3
2020-04-10,108,서울,21.07,9.2,10.7,4.8
2020-04-11,108,서울,19.4,8.8,9.9,4.8
2020-04-12,108,서울,19.25,8.3,9.9,3.1
2020-04-13,108,서울,26.02,12.2,12.4,1.9
2020-04-14,108,서울,25.93,12.1,13.0,1.3
2020-04-15,108,서울,21.49,10.0,13.2,5.4
2020-04-16,108,서울,22.96,10.6,16.0,2.9
2020-04-17,108,서울,4.23,0.3,12.5,9.1
2020-04-18,108,서울,23.09,10.4,13.5,2.6
2020-04-19,108,서울,5.25,0.3,12.3,9.5
2020-04-20,108,서울,7.34,1.3,10.0,7.4
2020-04-21,108,서울,23.63,10.1,7.4,3.6
2020-04-22,108,서울,15.89,5.3,6.0,4.1
2020-04-23,108,서울,25.72,11.8,7.9,1.6
2020-04-24,108,서울,26.61,12.0,9.9,1.8
2020-04-25,108,서울,18.9,8.5,13.1,3.3
2020-04-26,108,서울,28.36,12.5,12.3,0.8
2020-04-27,108,서울,22.98,9.7,12.9,3.4
2020-04-28,108,서울,26.97,12.6,13.9,0.0
2020-04-29,108,서울,26.1,12.2,14.9,0.4
2020-04-30,108,서울,24.03,8.2,17.1,5.3
2020-05-01,108,서울,18.96,6.1,20.2,6.6
2020-05-02,108,서울,9.43,0.2,20.3,9.0
2020-05-03,108,서울,19.41,5.9,21.8,7.0
2020-05-04,108,서울,25.42,10.1,20.2,3.4
2020-05-05,108,서울,9.41,3.3,16.0,5.4
2020-05-06,108,서울,28.51,12.8,19.4,1.8
2020-05-07,108,서울,23.93,8.7,20.7,6.8
2020-05-08,108,서울,23.26,7.5,19.9,7.4
2020-05-09,108,서울,3.0,0.0,14.2,10.0
2020-05-10,108,서울,6.77,0.4,14.4,9.0
2020-05-11,108,서울,22.98,7.2,16.5,8.1
2020-05-12,108,서울,13.6,5.0,14.3,3.3
2020-05-13,108,서울,29.7,13.0,16.1,0.6
2020-05-14,108,서울,20.64,6.6,19.3,8.3
2020-05-15,108,서울,3.43,0.0,16.1,10.0
2020-05-16,108,서울,7.6,0.6,16.7,9.5
2020-05-17,108,서울,15.26,3.9,19.1,7.1
2020-05-18,108,서울,14.07,3.2,19.1,8.5
2020-05-19,108,서울,15.29,3.0,13.0,7.6
2020-05-20,108,서울,20.91,4.5,14.4,6.0
2020-05-21,108,서울,24.35,9.4,17.4,4.8
2020-05-22,108,서울,13.07,0.7,18.5,8.6
2020-05-23,108,서울,23.24,6.8,20.1,7.4
2020-05-24,108,서울,10.59,1.1,17.1,8.4
2020-05-25,108,서울,16.88,2.5,16.6,8.1
2020-05-26,108,서울,18.49,4.8,16.2,7.8
2020-05-27,108,서울,30.06,13.2,17.4,1.5
2020-05-28,108,서울,22.83,8.4,18.7,3.9
2020-05-29,108,서울,28.09,12.7,20.7,1.3
2020-05-30,108,서울,26.5,11.3,22.6,1.1
2020-05-31,108,서울,19.15,5.0,21.2,8.5
2020-06-01,108,서울,30.35,11.5,19.7,3.8
2020-06-02,108,서울,5.89,0.2,17.9,9.3
2020-06-03,108,서울,24.64,9.5,22.0,5.8
2020-06-04,108,서울,19.77,4.7,21.9,8.4
2020-06-05,108,서울,23.36,8.8,23.0,5.5
2020-06-06,108,서울,23.38,8.6,24.6,2.3
2020-06-07,108,서울,26.04,9.2,22.7,3.3
2020-06-08,108,서울,26.13,11.3,25.0,3.0
2020-06-09,108,서울,28.36,12.9,26.7,3.0
2020-06-10,108,서울,18.85,5.2,25.8,9.0
2020-06-11,108,서울,26.03,8.0,26.1,5.8
2020-06-12,108,서울,11.51,0.5,24.7,8.1
2020-06-13,108,서울,28.11,9.7,26.9,5.5
2020-06-14,108,서울,22.52,8.1,24.0,4.4
2020-06-15,108,서울,26.53,10.1,23.0,6.0
2020-06-16,108,서울,24.74,7.5,24.4,6.0
2020-06-17,108,서울,21.25,5.9,24.3,7.4
2020-06-18,108,서울,11.0,0.1,23.4,9.0
2020-06-19,108,서울,19.6,6.0,24.7,6.3
2020-06-20,108,서울,24.75,11.7,24.9,0.9
2020-06-21,108,서울,27.82,13.5,26.1,0.1
2020-06-22,108,서울,28.95,13.3,28.6,1.6
2020-06-23,108,서울,16.97,5.1,27.3,7.5
2020-06-24,108,서울,2.91,0.0,22.3,10.0
2020-06-25,108,서울,6.11,0.1,21.6,10.0
2020-06-26,108,서울,13.03,3.1,21.8,8.3
2020-06-27,108,서울,22.18,7.4,24.1,6.1
2020-06-28,108,서울,28.6,12.4,25.2,1.9
2020-06-29,108,서울,8.4,1.7,23.8,8.6
2020-06-30,108,서울,6.2,0.0,20.1,10.0
2020-07-01,108,서울,9.47,0.2,21.1,7.6
2020-07-02,108,서울,19.15,5.4,24.2,6.6
2020-07-03,108,서울,27.47,9.6,25.5,6.8
2020-07-04,108,서울,26.88,9.5,24.2,7.6
2020-07-05,108,서울,20.85,6.4,23.8,5.3
2020-07-06,108,서울,19.28,5.0,25.6,7.4
2020-07-07,108,서울,15.15,4.0,24.1,6.3
2020-07-08,108,서울,25.81,10.0,25.5,2.9
2020-07-09,108,서울,23.1,7.7,27.5,4.8
2020-07-10,108,서울,12.3,3.1,24.5,6.6
2020-07-11,108,서울,21.82,6.6,25.8,7.3
2020-07-12,108,서울,7.67,0.0,23.5,9.1
2020-07-13,108,서울,4.58,0.0,18.7,10.0
2020-07-14,108,서울,12.46,0.1,20.3,9.9
2020-07-15,108,서울,26.6,9.3,23.4,5.1
2020-07-16,108,서울,25.76,10.2,25.0,4.1
2020-07-17,108,서울,22.28,7.5,26.0,4.5
2020-07-18,108,서울,15.49,4.3,26.1,5.4
2020-07-19,108,서울,4.92,0.0,24.0,9.9
2020-07-20,108,서울,5.15,0.0,23.8,9.6
2020-07-21,108,서울,17.83,4.0,25.0,6.3
2020-07-22,108,서울,4.5,0.0,23.7,9.8
2020-07-23,108,서울,2.72,0.0,21.1,10.0
2020-07-24,108,서울,10.46,1.0,22.5,9.3
2020-07-25,108,서울,15.59,1.9,24.3,7.8
2020-07-26,108,서울,18.14,5.6,25.4,7.4
2020-07-27,108,서울,7.72,0.0,24.3,10.0
2020-07-28,108,서울,8.38,0.0,24.4,9.9
2020-07-29,108,서울,3.18,0.0,23.7,10.0
2020-07-30,108,서울,15.34,3.0,25.3,8.3
2020-07-31,108,서울,14.5,5.0,26.2,6.9
2020-08-01,108,서울,5.31,0.0,25.3,9.8
2020-08-02,108,서울,2.55,0.0,24.9,10.0
2020-08-03,108,서울,3.09,0.0,25.0,10.0
2020-08-04,108,서울,8.06,0.4,27.0,9.6
2020-08-05,108,서울,5.02,0.1,26.5,9.8
2020-08-06,108,서울,6.74,0.2,24.1,8.0
2020-08-07,108,서울,6.7,0.0,24.3,9.0
2020-08-08,108,서울,6.96,1.8,24.2,9.1
2020-08-09,108,서울,1.43,0.0,24.9,9.8
2020-08-10,108,서울,7.77,0.2,26.5,9.9
2020-08-11,108,서울,7.44,0.5,24.6,9.5
2020-08-12,108,서울,13.62,2.1,27.2,8.3
2020-08-13,108,서울,7.96,0.2,28.0,8.5
2020-08-14,108,서울,4.14,0.0,27.1,9.3
2020-08-15,108,서울,3.25,0.0,26.1,9.3
2020-08-16,108,서울,14.3,2.4,27.4,8.3
2020-08-17,108,서울,18.44,5.8,28.2,4.4
2020-08-18,108,서울,19.81,7.9,27.5,2.8
2020-08-19,108,서울,22.54,9.4,27.1,2.3
2020-08-20,108,서울,15.16,3.1,27.7,6.4
2020-08-21,108,서울,8.74,0.8,26.6,8.8
2020-08-22,108,서울,7.56,0.6,24.3,9.0
2020-08-23,108,서울,18.72,6.8,25.3,6.0
2020-08-24,108,서울,20.25,8.8,27.8,5.9
2020-08-25,108,서울,21.21,7.6,29.9,5.9
2020-08-26,108,서울,19.68,7.5,30.2,6.4
2020-08-27,108,서울,5.5,0.5,27.1,9.9
2020-08-28,108,서울,10.18,2.0,27.3,8.9
2020-08-29,108,서울,8.7,1.7,26.8,8.4
2020-08-30,108,서울,12.89,2.4,26.8,7.9
2020-08-31,108,서울,12.25,1.9,26.4,8.8
2020-09-01,108,서울,11.35,1.0,26.6,8.8
2020-09-02,108,서울,3.34,0.0,24.3,9.6
2020-09-03,108,서울,13.51,2.8,22.7,7.4
2020-09-04,108,서울,21.21,10.1,23.3,1.6
2020-09-05,108,서울,14.49,3.3,23.3,8.0
2020-09-06,108,서울,7.13,0.0,21.7,9.4
2020-09-07,108,서울,3.37,0.0,19.2,10.0
2020-09-08,108,서울,21.87,9.5,23.4,5.4
2020-09-09,108,서울,12.29,3.1,21.1,7.6
2020-09-10,108,서울,19.17,9.0,22.8,6.3
2020-09-11,108,서울,12.87,4.5,22.4,7.6
2020-09-12,108,서울,7.34,0.0,20.2,9.5
2020-09-13,108,서울,20.53,9.8,21.5,2.8
2020-09-14,108,서울,13.86,5.7,21.3,4.6
2020-09-15,108,서울,16.56,5.1,23.0,7.5
2020-09-16,108,서울,6.21,0.3,22.5,9.4
2020-09-17,108,서울,9.35,0.7,21.3,8.4
2020-09-18,108,서울,21.24,9.8,21.5,3.1
2020-09-19,108,서울,21.25,9.7,21.2,1.5
2020-09-20,108,서울,22.19,11.4,19.7,0.0
2020-09-21,108,서울,19.54,9.6,19.1,4.5
2020-09-22,108,서울,21.71,10.7,20.2,3.1
2020-09-23,108,서울,16.99,7.2,19.2,7.6
2020-09-24,108,서울,18.54,8.0,20.6,6.6
2020-09-25,108,서울,13.39,3.5,20.1,4.9
2020-09-26,108,서울,15.92,8.0,19.3,4.0
2020-09-27,108,서울,18.7,9.8,20.4,1.1
2020-09-28,108,서울,19.29,10.5,20.7,1.1
2020-09-29,108,서울,14.84,6.3,19.6,6.8
2020-09-30,108,서울,14.0,4.9,19.6,7.1
2020-10-01,108,서울,10.89,2.5,18.8,5.5
2020-10-02,108,서울,6.34,1.9,19.2,9.1
2020-10-03,108,서울,9.79,1.8,19.9,8.0
2020-10-04,108,서울,12.36,4.3,16.6,7.1
2020-10-05,108,서울,19.44,10.5,13.3,2.3
2020-10-06,108,서울,19.81,10.8,14.2,2.5
2020-10-07,108,서울,16.99,8.9,16.0,3.8
2020-10-08,108,서울,19.27,10.8,17.2,0.1
2020-10-09,108,서울,18.55,10.6,17.2,4.6
2020-10-10,108,서울,15.28,7.6,16.9,5.3
2020-10-11,108,서울,11.45,4.9,16.9,5.8
2020-10-12,108,서울,13.59,7.5,16.2,2.6
2020-10-13,108,서울,14.16,7.1,13.6,3.5
2020-10-14,108,서울,12.19,5.8,12.8,6.6
2020-10-15,108,서울,14.48,7.2,11.7,6.6
2020-10-16,108,서울,5.28,0.0,11.8,7.6
2020-10-17,108,서울,17.65,10.1,13.1,1.0
2020-10-18,108,서울,15.96,9.7,13.6,0.5
2020-10-19,108,서울,15.27,9.8,15.1,0.0
2020-10-20,108,서울,15.67,10.0,15.2,0.4
2020-10-21,108,서울,4.72,0.1,14.1,7.3
2020-10-22,108,서울,11.01,5.4,13.5,4.6
2020-10-23,108,서울,17.01,9.9,8.6,0.0
2020-10-24,108,서울,16.65,9.9,8.7,0.0
2020-10-25,108,서울,13.83,8.8,11.8,2.8
2020-10-26,108,서울,13.69,9.2,12.9,1.6
2020-10-27,108,서울,12.23,8.3,14.0,1.1
2020-10-28,108,서울,15.27,9.2,13.8,3.8
2020-10-29,108,서울,13.77,9.0,10.8,3.1
2020-10-30,108,서울,14.62,9.7,11.9,0.4
2020-10-31,108,서울,11.03,5.8,13.6,6.1
2020-11-01,108,서울,1.61,0.0,13.7,8.6
2020-11-02,108,서울,14.6,9.6,10.8,3.0
2020-11-03,108,서울,15.22,9.2,5.1,1.5
2020-11-04,108,서울,15.36,9.6,4.9,0.0
2020-11-05,108,서울,12.77,8.4,9.6,5.3
2020-11-06,108,서울,5.65,0.3,13.5,8.9
2020-11-07,108,서울,11.01,7.0,14.6,3.6
2020-11-08,108,서울,14.66,9.5,8.5,0.0
2020-11-09,108,서울,10.48,6.0,5.5,2.4
2020-11-10,108,서울,13.61,9.6,7.7,0.0
2020-11-11,108,서울,12.96,9.6,9.3,0.0
2020-11-12,108,서울,12.27,9.4,10.4,2.0
2020-11-13,108,서울,8.92,5.5,12.2,3.0
2020-11-14,108,서울,11.58,8.0,12.5,1.3
2020-11-15,108,서울,9.52,6.8,11.1,3.4
2020-11-16,108,서울,10.76,8.4,12.4,2.1
2020-11-17,108,서울,5.7,1.3,15.9,7.4
2020-11-18,108,서울,2.63,0.0,16.6,9.8
2020-11-19,108,서울,0.96,0.0,13.6,9.8
2020-11-20,108,서울,2.74,0.0,2.8,6.6
2020-11-21,108,서울,10.52,6.6,6.5,6.1
2020-11-22,108,서울,3.61,0.4,5.6,7.8
2020-11-23,108,서울,12.35,9.2,1.7,0.3
2020-11-24,108,서울,6.33,1.3,2.9,6.1
2020-11-25,108,서울,8.32,4.6,4.6,5.4
2020-11-26,108,서울,9.8,6.6,5.6,5.5
2020-11-27,108,서울,8.52,5.0,4.1,4.9
2020-11-28,108,서울,11.89,9.0,-0.1,2.9
2020-11-29,108,서울,5.61,1.5,-0.6,4.1
2020-11-30,108,서울,11.55,9.1,-0.2,0.0
2020-12-01,108,서울,10.69,7.3,1.1,4.4
2020-12-02,108,서울,6.38,3.4,2.4,6.6
2020-12-03,108,서울,11.52,9.1,0.7,1.0
2020-12-04,108,서울,11.62,9.0,-0.6,0.9
2020-12-05,108,서울,8.18,5.1,2.1,5.6
2020-12-06,108,서울,8.37,6.0,4.5,4.3
2020-12-07,108,서울,8.93,7.4,3.4,3.8
2020-12-08,108,서울,11.4,8.7,-0.5,0.4
2020-12-09,108,서울,8.48,5.9,1.5,4.5
2020-12-10,108,서울,4.74,1.1,5.8,7.8
2020-12-11,108,서울,5.85,2.4,5.3,6.5
2020-12-12,108,서울,10.22,8.6,2.3,1.8
2020-12-13,108,서울,1.9,1.1,-1.1,5.4
2020-12-14,108,서울,11.44,8.9,-7.7,0.0
2020-12-15,108,서울,11.61,9.0,-8.3,0.0
2020-12-16,108,서울,11.44,9.0,-8.3,0.0
2020-12-17,108,서울,11.15,9.0,-4.9,2.3
2020-12-18,108,서울,8.45,5.5,-2.1,4.1
2020-12-19,108,서울,11.27,9.0,-5.1,1.4
2020-12-20,108,서울,11.0,9.1,-3.7,0.0
2020-12-21,108,서울,9.99,8.8,-1.0,0.9
2020-12-22,108,서울,7.83,5.2,2.0,4.8
2020-12-23,108,서울,4.6,1.7,4.5,7.8
2020-12-24,108,서울,9.82,7.9,2.6,1.3
2020-12-25,108,서울,10.88,9.0,-0.8,0.1
2020-12-26,108,서울,8.99,8.2,2.2,3.0
2020-12-27,108,서울,8.12,5.9,5.8,7.5
2020-12-28,108,서울,9.12,8.0,6.7,5.3
2020-12-29,108,서울,1.98,0.0,0.1,8.5
2020-12-30,108,서울,11.36,8.3,-10.9,0.8
2020-12-31,108,서울,9.06,6.0,-8.9,0.4
2021-01-01,108,서울,9.54,6.5,-4.2,3.9
2021-01-02,108,서울,11.34,9.0,-5.0,0.0
2021-01-03,108,서울,8.8,5.5,-5.6,2.9
2021-01-04,108,서울,7.44,4.6,-3.5,4.8
2021-01-05,108,서울,10.46,8.6,-5.5,2.6
2021-01-06,108,서울,11.78,9.1,-7.4,3.6
2021-01-08,108,서울,12.38,9.2,-14.9,0.0
2021-01-09,108,서울,11.59,9.0,-12.2,0.8
2021-01-10,108,서울,9.84,6.2,-7.7,3.0
2021-01-11,108,서울,4.47,0.0,-6.7,6.9
2021-01-12,108,서울,6.13,3.6,-3.9,6.1
2021-01-13,108,서울,8.27,6.1,2.0,3.0
2021-01-14,108,서울,10.21,8.0,1.7,0.0
2021-01-15,108,서울,2.11,0.0,4.5,8.5
2021-01-16,108,서울,11.86,8.9,-4.9,0.8
2021-01-17,108,서울,10.83,7.0,-5.5,2.3
2021-01-18,108,서울,4.54,2.5,-3.8,4.3
2021-01-19,108,서울,12.48,9.2,-6.3,0.0
2021-01-20,108,서울,11.92,8.9,-0.1,1.9
2021-01-21,108,서울,2.77,0.0,4.5,9.6
2021-01-22,108,서울,2.34,0.0,5.5,9.5
2021-01-23,108,서울,9.72,5.3,7.6,6.5
2021-01-24,108,서울,12.4,8.2,7.3,3.4
2021-01-25,108,서울,10.74,7.6,7.9,6.3
2021-01-26,108,서울,1.95,0.0,5.3,8.4
2021-01-27,108,서울,12.4,8.4,1.7,6.4
2021-01-28,108,서울,6.14,2.3,-2.6,5.1
2021-01-29,108,서울,14.42,9.6,-8.8,0.3
2021-01-30,108,서울,10.46,6.4,-1.6,3.9
2021-01-31,108,서울,10.92,6.7,3.2,4.8
2021-02-01,108,서울,5.8,1.1,5.0,7.6
2021-02-02,108,서울,14.69,9.6,-5.6,1.8
2021-02-03,108,서울,11.7,6.6,-3.2,5.0
2021-02-04,108,서울,15.33,9.6,-3.6,0.1
2021-02-05,108,서울,7.95,2.7,1.4,6.0
2021-02-06,108,서울,4.77,0.1,6.8,9.0
2021-02-07,108,서울,11.38,6.0,3.6,4.4
2021-02-08,108,서울,15.91,9.6,-3.1,0.0
2021-02-09,108,서울,15.46,9.7,-0.9,0.1
2021-02-10,108,서울,6.15,0.7,3.4,6.3
2021-02-11,108,서울,11.22,5.2,5.5,5.3
2021-02-12,108,서울,14.72,9.2,6.5,4.0
2021-02-13,108,서울,14.36,9.3,7.6,1.1
2021-02-14,108,서울,7.21,1.7,9.5,8.1
2021-02-15,108,서울,9.69,4.3,1.2,5.8
2021-02-16,108,서울,7.31,2.8,-5.1,4.0
2021-02-17,108,서울,17.28,9.8,-8.3,1.6
2021-02-18,108,서울,17.05,9.9,-5.8,0.0
2021-02-19,108,서울,14.8,8.9,1.6,3.3
2021-02-20,108,서울,15.25,7.8,8.8,2.4
2021-02-21,108,서울,15.34,9.7,10.8,0.8
2021-02-22,108,서울,13.04,6.3,7.8,2.6
2021-02-23,108,서울,17.53,10.0,0.0,3.3
2021-02-24,108,서울,16.1,8.4,2.9,6.5
2021-02-25,108,서울,5.22,0.0,4.2,8.1
2021-02-26,108,서울,18.2,9.1,8.2,4.5
2021-02-27,108,서울,17.96,10.3,9.5,3.5
2021-02-28,108,서울,7.13,2.6,7.8,6.1
2021-03-01,108,서울,1.4,0.0,4.7,10.0
2021-03-02,108,서울,12.9,4.7,2.3,5.5
2021-03-03,108,서울,16.52,10.4,4.4,4.5
2021-03-04,108,서울,9.85,1.9,7.2,6.3
2021-03-05,108,서울,18.95,10.5,9.0,1.3
2021-03-06,108,서울,12.71,3.6,6.6,4.9
2021-03-07,108,서울,18.17,9.6,6.2,3.5
2021-03-08,108,서울,19.12,10.8,7.0,0.0
2021-03-09,108,서울,15.57,9.4,6.6,4.3
2021-03-10,108,서울,19.1,10.2,8.8,0.4
2021-03-11,108,서울,16.6,7.9,10.2,6.4
2021-03-12,108,서울,7.41,0.1,10.5,7.0
2021-03-13,108,서울,14.87,6.0,9.2,5.0
2021-03-14,108,서울,17.99,8.2,9.1,3.5
2021-03-15,108,서울,12.75,2.7,10.6,8.9
2021-03-16,108,서울,21.13,10.6,8.4,1.9
2021-03-17,108,서울,20.79,10.7,8.8,0.3
2021-03-18,108,서울,16.63,8.1,11.7,5.0
2021-03-19,108,서울,19.09,8.8,15.3,6.8
2021-03-20,108,서울,2.0,0.0,9.9,9.8
2021-03-21,108,서울,10.42,2.9,5.8,6.8
2021-03-22,108,서울,22.58,11.1,6.2,0.4
2021-03-23,108,서울,20.89,10.3,9.1,0.3
2021-03-24,108,서울,19.53,7.9,10.8,4.3
2021-03-25,108,서울,20.86,9.7,11.9,2.4
2021-03-26,108,서울,16.98,7.3,12.6,5.5
2021-03-27,108,서울,3.72,0.0,12.1,9.6
2021-03-28,108,서울,2.35,0.0,9.0,10.0
2021-03-29,108,서울,18.24,7.1,10.2,5.5
2021-03-30,108,서울,24.53,11.1,10.8,0.6
2021-03-31,108,서울,23.29,11.4,14.5,3.8
2021-04-01,108,서울,20.91,10.0,17.7,5.3
2021-04-02,108,서울,15.37,3.4,17.8,8.1
2021-04-03,108,서울,1.98,0.0,14.9,9.9
2021-04-04,108,서울,12.91,1.5,11.9,6.3
2021-04-05,108,서울,25.81,12.0,11.9,2.3
2021-04-06,108,서울,23.34,10.6,13.9,2.4
2021-04-07,108,서울,24.49,11.9,14.1,0.0
2021-04-08,108,서울,25.85,12.1,13.0,0.0
2021-04-09,108,서울,25.3,11.9,13.6,0.6
2021-04-10,108,서울,23.77,11.5,12.6,0.5
2021-04-11,108,서울,22.57,10.6,15.0,3.5
2021-04-12,108,서울,5.39,0.0,13.8,9.8
2021-04-13,108,서울,14.95,2.9,10.4,6.6
2021-04-14,108,서울,27.31,12.4,8.4,0.3
2021-04-15,108,서울,24.78,11.1,11.6,4.9
2021-04-16,108,서울,8.59,3.7,11.3,6.9
2021-04-17,108,서울,13.62,3.5,9.6,3.8
2021-04-18,108,서울,26.94,11.9,9.9,0.9
2021-04-19,108,서울,26.18,12.1,12.2,0.0
2021-04-20,108,서울,24.8,11.0,14.8,2.9
2021-04-21,108,서울,25.12,11.1,19.1,3.9
2021-04-22,108,서울,15.7,2.6,20.9,8.9
2021-04-23,108,서울,8.36,0.3,19.0,9.6
2021-04-24,108,서울,13.65,1.6,18.3,6.8
2021-04-25,108,서울,27.12,11.5,18.2,1.1
2021-04-26,108,서울,21.57,9.2,16.2,4.5
2021-04-27,108,서울,10.37,0.5,15.4,9.4
2021-04-28,108,서울,16.09,2.2,14.5,7.9
2021-04-29,108,서울,15.99,4.4,14.6,7.6
2021-04-30,108,서울,9.45,1.1,11.3,9.5
2021-05-01,108,서울,11.89,1.2,10.2,9.4
2021-05-02,108,서울,27.71,10.8,12.4,2.6
2021-05-03,108,서울,27.7,11.6,14.1,3.8
2021-05-04,108,서울,3.68,0.0,13.8,9.6
2021-05-05,108,서울,28.34,11.5,13.9,2.6
2021-05-06,108,서울,23.81,10.6,15.7,4.8
2021-05-07,108,서울,17.12,5.9,14.4,3.1
2021-05-08,108,서울,23.01,8.9,14.3,1.1
2021-05-09,108,서울,30.44,13.0,15.7,0.3
2021-05-10,108,서울,4.69,0.0,13.2,8.6
2021-05-11,108,서울,27.17,13.2,18.5,6.0
2021-05-12,108,서울,26.51,11.0,22.0,4.5
2021-05-13,108,서울,27.3,12.8,22.9,0.0
2021-05-14,108,서울,24.38,10.8,24.1,7.1
2021-05-15,108,서울,9.42,0.5,22.1,9.8
2021-05-16,108,서울,3.05,0.0,18.4,10.0
2021-05-17,108,서울,5.21,0.0,15.3,9.0
2021-05-18,108,서울,24.12,8.4,17.9,4.4
2021-05-19,108,서울,29.93,13.2,19.9,2.6
2021-05-20,108,서울,6.8,0.0,18.7,9.9
2021-05-21,108,서울,7.35,0.9,16.0,9.5
2021-05-22,108,서울,28.69,12.7,18.6,1.5
2021-05-23,108,서울,19.28,6.0,19.5,6.9
2021-05-24,108,서울,26.9,9.1,19.4,3.3
2021-05-25,108,서울,19.29,6.4,15.3,5.3
2021-05-26,108,서울,17.95,5.3,18.0,7.6
2021-05-27,108,서울,5.08,0.5,15.8,6.5
2021-05-28,108,서울,11.26,1.9,15.3,8.6
2021-05-29,108,서울,10.45,3.9,15.4,5.1
2021-05-30,108,서울,29.45,11.6,18.4,3.9
2021-05-31,108,서울,12.52,2.0,19.9,7.4
2021-06-01,108,서울,13.01,1.9,20.2,8.1
2021-06-02,108,서울,26.82,11.9,23.2,3.4
2021-06-03,108,서울,5.11,0.2,19.1,9.6
2021-06-04,108,서울,29.01,10.9,18.5,2.6
2021-06-05,108,서울,23.11,8.4,20.8,3.0
2021-06-06,108,서울,23.46,8.3,23.0,3.8
2021-06-07,108,서울,7.02,0.3,21.1,7.8
2021-06-08,108,서울,21.25,7.1,23.6,5.4
2021-06-09,108,서울,24.78,9.9,25.8,3.4
2021-06-10,108,서울,14.13,1.3,24.9,8.5
2021-06-11,108,서울,10.08,1.8,21.5,6.4
2021-06-12,108,서울,26.92,9.1,24.2,5.0
2021-06-13,108,서울,26.48,10.2,24.8,3.5
2021-06-14,108,서울,22.29,8.3,24.8,6.8
2021-06-15,108,서울,7.61,1.6,22.5,7.0
2021-06-16,108,서울,27.3,11.5,24.3,2.5
2021-06-17,108,서울,9.59,0.3,21.9,9.4
2021-06-18,108,서울,4.5,0.0,20.0,9.8
2021-06-19,108,서울,26.47,10.5,22.3,4.1
2021-06-20,108,서울,25.87,10.7,22.9,3.1
2021-06-21,108,서울,25.72,11.1,23.6,3.3
2021-06-22,108,서울,20.23,6.8,22.8,6.8
2021-06-23,108,서울,19.49,7.2,22.4,4.4
2021-06-24,108,서울,17.8,5.7,23.0,3.0
2021-06-25,108,서울,24.74,9.7,24.1,4.0
2021-06-26,108,서울,14.24,2.3,22.8,7.3
2021-06-27,108,서울,22.48,8.1,24.5,5.4
2021-06-28,108,서울,13.52,2.2,23.7,8.1
2021-06-29,108,서울,14.1,4.2,23.9,6.5
2021-06-30,108,서울,16.22,4.0,24.3,6.1
2021-07-01,108,서울,20.59,8.2,26.3,2.3
2021-07-02,108,서울,22.19,7.4,27.1,5.8
2021-07-03,108,서울,7.51,0.9,22.6,8.5
2021-07-04,108,서울,2.69,0.0,21.4,9.9
2021-07-05,108,서울,12.59,0.9,23.3,8.9
2021-07-06,108,서울,19.15,4.3,25.3,7.0
2021-07-07,108,서울,11.81,1.1,26.4,9.4
2021-07-08,108,서울,14.1,2.9,26.0,7.1
2021-07-09,108,서울,14.49,3.8,25.5,6.5
2021-07-10,108,서울,17.4,4.2,25.9,7.4
2021-07-11,108,서울,7.53,0.1,25.7,7.8
2021-07-12,108,서울,19.1,4.9,28.1,6.6
2021-07-13,108,서울,11.59,1.4,28.8,6.8
2021-07-14,108,서울,22.48,7.1,29.7,7.0
2021-07-15,108,서울,22.77,8.7,29.1,5.1
2021-07-16,108,서울,26.76,10.5,28.8,3.5
2021-07-17,108,서울,22.58,8.9,29.1,4.8
2021-07-18,108,서울,23.37,8.4,29.6,5.6
2021-07-19,108,서울,10.07,3.1,26.4,6.9
2021-07-20,108,서울,14.62,3.4,27.9,7.6
2021-07-21,108,서울,24.1,11.3,30.5,3.5
2021-07-22,108,서울,27.69,11.4,31.2,4.0
2021-07-23,108,서울,26.91,12.4,31.2,2.3
2021-07-24,108,서울,27.78,12.3,31.7,3.0
2021-07-25,108,서울,27.63,13.0,31.5,4.9
2021-07-26,108,서울,29.3,13.2,31.2,1.6
2021-07-27,108,서울,17.22,7.3,31.1,3.9
2021-07-28,108,서울,16.37,6.5,30.4,3.8
2021-07-29,108,서울,14.86,2.2,29.6,6.8
2021-07-30,108,서울,21.86,7.7,30.5,6.5
2021-07-31,108,서울,21.19,7.7,29.8,6.9
2021-08-01,108,서울,6.56,0.0,27.1,9.8
2021-08-02,108,서울,8.42,0.6,26.5,9.0
2021-08-03,108,서울,13.25,4.3,28.0,6.1
2021-08-04,108,서울,19.55,6.1,28.9,5.9
2021-08-05,108,서울,20.51,8.9,29.4,4.6
2021-08-06,108,서울,18.13,6.3,28.1,7.4
2021-08-07,108,서울,23.48,11.3,28.0,3.3
2021-08-08,108,서울,11.91,2.0,26.8,8.1
2021-08-09,108,서울,24.73,8.6,28.3,5.6
2021-08-10,108,서울,20.07,8.5,27.7,4.5
2021-08-11,108,서울,16.55,5.3,27.4,5.8
2021-08-12,108,서울,14.8,4.4,26.8,5.9
2021-08-13,108,서울,12.03,1.7,26.6,8.0
2021-08-14,108,서울,15.6,4.5,26.1,6.5
2021-08-15,108,서울,23.31,10.2,26.9,1.8
2021-08-16,108,서울,23.19,10.4,27.3,3.8
2021-08-17,108,서울,17.49,5.8,25.9,5.5
2021-08-18,108,서울,17.87,5.8,24.3,5.3
2021-08-19,108,서울,20.95,8.6,26.0,4.0
2021-08-20,108,서울,17.21,5.5,26.6,6.9
2021-08-21,108,서울,6.31,1.0,23.8,8.8
2021-08-22,108,서울,8.64,0.7,24.4,8.6
2021-08-23,108,서울,3.81,0.0,22.4,9.5
2021-08-24,108,서울,4.58,0.0,23.4,10.0
2021-08-25,108,서울,8.96,0.7,25.0,8.4
2021-08-26,108,서울,8.07,0.2,25.5,8.1
2021-08-27,108,서울,3.01,0.0,22.4,9.1
2021-08-28,108,서울,15.44,3.8,23.6,8.4
2021-08-29,108,서울,9.6,1.0,23.7,8.6
2021-08-30,108,서울,12.46,1.1,24.2,8.3
2021-08-31,108,서울,2.39,0.0,20.5,9.9
2021-09-01,108,서울,7.24,0.0,21.4,9.3
2021-09-02,108,서울,13.24,1.4,23.5,8.3
2021-09-03,108,서울,24.64,11.2,24.3,1.9
2021-09-04,108,서울,20.58,9.3,23.2,4.4
2021-09-05,108,서울,15.83,4.6,23.1,5.8
2021-09-06,108,서울,12.02,2.4,22.3,8.9
2021-09-07,108,서울,1.8,0.0,19.6,10.0
2021-09-08,108,서울,18.18,7.1,22.2,4.5
2021-09-09,108,서울,18.9,8.0,23.5,6.5
2021-09-10,108,서울,16.96,6.4,23.6,3.9
2021-09-11,108,서울,19.54,8.7,24.0,2.0
2021-09-12,108,서울,22.15,10.2,24.2,1.9
2021-09-13,108,서울,17.61,6.1,24.8,6.9
2021-09-14,108,서울,21.88,10.3,24.6,2.4
2021-09-15,108,서울,22.62,11.4,23.6,0.6
2021-09-16,108,서울,20.18,9.1,22.9,5.1
2021-09-17,108,서울,18.05,6.6,23.5,3.8
2021-09-18,108,서울,19.77,8.8,23.9,2.3
2021-09-19,108,서울,13.97,2.8,23.7,6.3
2021-09-20,108,서울,19.86,10.3,23.7,5.9
2021-09-21,108,서울,11.84,4.3,22.0,8.0
2021-09-22,108,서울,14.89,6.5,20.2,4.1
2021-09-23,108,서울,18.01,8.0,20.9,3.4
2021-09-24,108,서울,18.34,9.9,21.8,1.5
2021-09-25,108,서울,7.2,0.0,21.2,8.6
2021-09-26,108,서울,18.13,8.3,22.6,6.8
2021-09-27,108,서울,11.36,2.2,21.6,8.3
2021-09-28,108,서울,9.29,0.7,21.5,9.8
2021-09-29,108,서울,2.85,0.0,20.2,7.6
2021-09-30,108,서울,17.2,7.4,20.3,2.0
2021-10-01,108,서울,18.42,9.3,21.1,2.9
2021-10-02,108,서울,16.92,8.1,20.7,4.0
2021-10-03,108,서울,17.47,8.4,22.3,2.0
2021-10-04,108,서울,2.97,0.0,22.9,9.5
2021-10-05,108,서울,8.11,1.5,23.6,8.1
2021-10-06,108,서울,3.26,1.2,18.8,9.0
2021-10-07,108,서울,4.86,0.0,19.4,9.4
2021-10-08,108,서울,2.8,0.0,18.8,9.5
2021-10-09,108,서울,7.05,1.9,20.9,6.8
2021-10-10,108,서울,3.12,0.0,19.9,9.8
2021-10-11,108,서울,8.47,1.7,15.2,8.3
2021-10-12,108,서울,11.55,3.0,17.9,6.9
2021-10-13,108,서울,17.28,9.0,19.6,2.1
2021-10-14,108,서울,12.85,6.1,19.7,5.8
2021-10-15,108,서울,7.21,0.7,19.0,9.6
2021-10-16,108,서울,8.78,1.5,10.7,6.1
2021-10-17,108,서울,18.7,10.3,5.6,0.0
2021-10-18,108,서울,12.08,4.3,9.6,6.6
2021-10-19,108,서울,13.34,6.5,10.9,4.0
2021-10-20,108,서울,16.7,10.0,9.5,0.3
2021-10-21,108,서울,5.13,4.0,9.8,3.3
2021-10-22,108,서울,16.45,10.0,10.8,0.8
2021-10-23,108,서울,16.25,9.6,11.4,0.3
2021-10-24,108,서울,15.97,9.9,11.4,0.3
2021-10-25,108,서울,11.74,7.0,11.7,0.8
2021-10-26,108,서울,13.08,8.6,13.0,3.6
2021-10-27,108,서울,14.72,8.2,13.4,2.5
2021-10-28,108,서울,15.58,9.7,12.7,0.0
2021-10-29,108,서울,14.16,8.7,14.6,4.6
2021-10-30,108,서울,6.35,1.6,13.8,6.1
2021-10-31,108,서울,12.25,7.6,14.1,3.8
2021-11-01,108,서울,11.32,6.3,12.9,3.0
2021-11-02,108,서울,12.69,7.8,11.5,4.0
2021-11-03,108,서울,13.24,8.5,12.1,3.0
2021-11-04,108,서울,6.9,3.9,12.1,2.4
2021-11-05,108,서울,12.76,9.2,13.0,0.6
2021-11-06,108,서울,12.8,8.3,14.1,1.3
2021-11-07,108,서울,12.2,6.8,15.3,7.0
2021-11-08,108,서울,2.57,0.1,8.6,9.9
2021-11-09,108,서울,3.4,0.0,4.9,8.1
2021-11-10,108,서울,8.8,3.2,4.2,7.4
2021-11-11,108,서울,9.68,6.3,5.3,3.0
2021-11-12,108,서울,13.47,8.3,4.5,1.3
2021-11-13,108,서울,9.9,5.4,7.3,4.5
2021-11-14,108,서울,10.52,6.4,11.3,3.4
2021-11-15,108,서울,11.39,7.9,10.1,3.6
2021-11-16,108,서울,12.07,9.0,8.5,0.0
2021-11-17,108,서울,11.0,7.3,7.5,3.5
2021-11-18,108,서울,5.68,1.9,11.9,7.5
2021-11-19,108,서울,4.98,0.9,12.9,6.5
2021-11-20,108,서울,8.62,5.6,10.4,3.3
2021-11-21,108,서울,3.3,0.0,10.4,8.9
2021-11-22,108,서울,8.99,5.4,2.7,3.3
2021-11-23,108,서울,8.4,5.7,-0.6,2.9
2021-11-24,108,서울,7.93,4.9,4.1,3.9
2021-11-25,108,서울,10.25,7.9,5.7,1.9
2021-11-26,108,서울,7.6,4.7,2.9,1.4
2021-11-27,108,서울,11.85,9.2,3.4,0.0
2021-11-28,108,서울,11.02,8.0,5.1,4.0
2021-11-29,108,서울,7.47,4.7,7.6,7.0
2021-11-30,108,서울,0.84,0.0,5.7,9.0
2021-12-01,108,서울,12.23,9.1,-1.3,0.6
2021-12-02,108,서울,6.48,4.1,1.3,4.5
2021-12-03,108,서울,11.85,9.1,1.9,1.4
2021-12-04,108,서울,10.46,7.2,1.4,1.0
2021-12-05,108,서울,11.07,9.2,2.9,0.0
2021-12-06,108,서울,9.37,7.3,5.4,4.1
2021-12-07,108,서울,9.35,8.3,6.8,0.0
2021-12-08,108,서울,10.53,9.1,6.7,1.6
2021-12-09,108,서울,4.98,1.4,6.5,6.9
2021-12-10,108,서울,1.35,0.0,7.0,8.1
2021-12-11,108,서울,7.34,3.5,6.0,8.1
2021-12-12,108,서울,9.67,8.0,1.2,2.5
2021-12-13,108,서울,11.43,9.1,-2.2,2.1
2021-12-14,108,서울,6.1,2.5,3.7,9.0
2021-12-15,108,서울,4.11,0.9,7.2,7.3
2021-12-16,108,서울,7.6,5.0,6.4,7.1
2021-12-17,108,서울,10.96,8.7,-5.6,1.4
2021-12-18,108,서울,6.79,4.3,-5.7,4.1
2021-12-19,108,서울,8.82,8.9,-0.8,0.6
2021-12-20,108,서울,8.61,6.1,5.2,4.6
2021-12-21,108,서울,7.93,6.0,5.2,1.4
2021-12-22,108,서울,10.21,8.9,2.2,0.0
2021-12-23,108,서울,8.85,6.9,2.7,2.8
2021-12-24,108,서울,2.08,0.0,-0.3,6.1
2021-12-25,108,서울,11.64,9.1,-11.7,0.0
2021-12-26,108,서울,11.55,9.1,-12.1,0.0
2021-12-27,108,서울,6.09,3.8,-7.6,3.1
2021-12-28,108,서울,4.32,1.7,-4.1,4.1
2021-12-29,108,서울,4.64,1.8,0.4,5.1
2021-12-30,108,서울,9.14,7.3,-3.9,2.0
2021-12-31,108,서울,11.7,9.0,-6.7,0.0
2022-01-01,108,서울,10.39,9.0,-4.3,1.4
2022-01-02,108,서울,8.52,5.4,-1.3,4.1
2022-01-03,108,서울,9.35,7.8,-1.9,4.9
2022-01-04,108,서울,11.3,9.0,-2.5,0.0
2022-01-05,108,서울,6.12,1.9,-2.8,7.3
2022-01-06,108,서울,11.22,9.1,-2.2,0.0
2022-01-07,108,서울,11.12,9.1,-1.6,0.0
2022-01-08,108,서울,3.68,0.7,0.3,5.9
2022-01-09,108,서울,7.16,4.5,1.3,3.1
2022-01-10,108,서울,7.25,3.9,0.5,7.0
2022-01-11,108,서울,11.91,9.1,-7.4,0.4
2022-01-12,108,서울,11.93,8.6,-7.7,2.8
2022-01-13,108,서울,11.9,9.1,-6.4,2.3
2022-01-14,108,서울,12.1,9.1,-4.8,2.6
2022-01-15,108,서울,3.76,0.9,-1.0,8.5
2022-01-16,108,서울,11.98,8.8,-2.0,1.6
2022-01-17,108,서울,8.07,4.5,-5.8,2.5
2022-01-18,108,서울,12.4,9.2,-5.6,0.3
2022-01-19,108,서울,2.13,0.0,-5.3,5.1
2022-01-20,108,서울,12.29,9.1,-5.0,0.0
2022-01-21,108,서울,12.79,9.2,-2.7,0.0
2022-01-22,108,서울,9.7,6.0,0.3,5.9
2022-01-23,108,서울,7.67,5.3,2.0,4.8
2022-01-24,108,서울,8.71,4.0,4.6,4.9
2022-01-25,108,서울,1.7,0.0,2.8,9.4
2022-01-26,108,서울,11.54,8.4,1.3,2.4
2022-01-27,108,서울,11.72,8.9,-1.1,2.1
2022-01-28,108,서울,13.65,9.2,-2.7,2.0
2022-01-29,108,서울,14.07,9.5,-3.6,0.8
2022-01-30,108,서울,14.1,9.6,-2.8,0.6
2022-01-31,108,서울,11.47,8.0,-0.7,3.3
2022-02-01,108,서울,9.04,4.7,-1.3,6.6
2022-02-02,108,서울,14.68,9.2,-3.4,3.5
2022-02-03,108,서울,14.87,9.7,-3.4,1.5
2022-02-04,108,서울,12.94,7.3,-5.2,1.9
2022-02-05,108,서울,14.31,9.1,-6.6,0.9
2022-02-06,108,서울,14.83,9.5,-3.9,1.0
2022-02-07,108,서울,10.41,6.5,-2.5,6.1
2022-02-08,108,서울,14.49,8.1,-0.1,1.5
2022-02-09,108,서울,12.8,9.2,1.0,5.5
2022-02-10,108,서울,14.93,9.6,1.4,1.6
2022-02-11,108,서울,13.28,8.9,2.9,2.6
2022-02-12,108,서울,15.11,9.3,4.8,3.5
2022-02-13,108,서울,9.29,3.0,4.8,5.3
2022-02-14,108,서울,7.04,0.9,2.5,6.6
2022-02-15,108,서울,9.99,3.0,-4.7,5.6
2022-02-16,108,서울,16.28,9.0,-7.3,0.9
2022-02-17,108,서울,17.2,9.8,-6.2,0.0
2022-02-18,108,서울,15.91,8.6,-1.2,3.9
2022-02-19,108,서울,9.25,2.9,-1.7,6.5
2022-02-20,108,서울,18.09,10.0,-4.8,0.1
2022-02-21,108,서울,11.41,6.5,-3.0,2.5
2022-02-22,108,서울,15.64,8.0,-4.5,1.0
2022-02-23,108,서울,18.78,10.2,-5.6,0.0
2022-02-24,108,서울,18.42,10.3,-2.4,0.0
2022-02-25,108,서울,12.36,6.4,3.0,3.8
2022-02-26,108,서울,5.58,0.2,5.4,8.0
2022-02-27,108,서울,18.62,10.5,3.7,0.0
2022-02-28,108,서울,10.5,3.4,6.8,8.0
2022-03-01,108,서울,6.49,2.5,5.8,6.1
2022-03-02,108,서울,19.53,10.7,3.5,1.0
2022-03-03,108,서울,19.16,10.6,5.8,0.0
2022-03-04,108,서울,10.65,3.7,6.9,5.1
2022-03-05,108,서울,20.26,10.5,2.3,0.1
2022-03-06,108,서울,21.0,10.8,1.4,1.3
2022-03-07,108,서울,14.99,7.0,2.8,6.1
2022-03-08,108,서울,16.44,8.2,6.0,4.9
2022-03-09,108,서울,18.85,8.7,7.1,2.3
2022-03-10,108,서울,16.75,9.3,9.3,6.6
2022-03-11,108,서울,14.49,5.9,11.2,5.3
2022-03-12,108,서울,12.82,3.2,12.8,5.8
2022-03-13,108,서울,2.1,0.0,11.7,9.4
2022-03-14,108,서울,2.18,0.0,8.2,6.4
2022-03-15,108,서울,17.55,7.1,7.2,3.8
2022-03-16,108,서울,17.67,8.1,10.3,3.8
2022-03-17,108,서울,9.49,1.9,10.7,10.0
2022-03-18,108,서울,5.17,0.0,7.5,9.1
2022-03-19,108,서울,4.93,0.0,3.4,8.9
2022-03-20,108,서울,15.76,6.3,5.4,5.1
2022-03-21,108,서울,16.69,6.8,5.0,7.5
2022-03-22,108,서울,21.71,11.0,7.1,2.5
2022-03-23,108,서울,7.05,0.0,6.2,9.0
2022-03-24,108,서울,6.34,0.7,8.2,8.4
2022-03-25,108,서울,9.06,1.3,12.0,7.9
2022-03-26,108,서울,6.39,0.9,11.8,8.3
2022-03-27,108,서울,22.23,10.4,8.1,0.3
2022-03-28,108,서울,24.71,11.7,8.2,0.5
2022-03-29,108,서울,23.32,11.2,9.7,1.4
2022-03-30,108,서울,7.64,1.2,10.8,7.0
2022-03-31,108,서울,13.98,3.3,10.9,7.0
2022-04-01,108,서울,23.35,10.9,9.2,1.1
2022-04-02,108,서울,24.09,11.8,8.2,0.5
2022-04-03,108,서울,24.34,11.9,9.6,0.0
2022-04-04,108,서울,24.75,11.6,10.3,0.0
2022-04-05,108,서울,21.21,9.9,10.3,6.1
2022-04-06,108,서울,21.54,8.6,11.7,6.4
2022-04-07,108,서울,24.3,10.0,10.9,2.4
2022-04-08,108,서울,24.92,12.0,12.9,0.0
2022-04-09,108,서울,21.41,9.0,17.8,2.4
2022-04-10,108,서울,24.18,11.5,18.2,1.5
2022-04-11,108,서울,24.04,10.2,19.6,2.8
2022-04-12,108,서울,18.23,6.0,19.3,8.6
2022-04-13,108,서울,4.06,0.0,13.1,10.0
2022-04-14,108,서울,9.52,0.0,13.2,9.3
2022-04-15,108,서울,26.31,12.2,13.3,1.0
2022-04-16,108,서울,26.64,12.3,13.2,0.3
2022-04-17,108,서울,26.0,11.7,14.0,2.6
2022-04-18,108,서울,20.59,7.8,15.2,4.8
2022-04-19,108,서울,25.17,12.1,15.2,0.0
2022-04-20,108,서울,26.26,12.3,15.7,0.0
2022-04-21,108,서울,19.54,6.3,16.3,5.3
2022-04-22,108,서울,3.06,0.0,15.0,8.5
2022-04-23,108,서울,23.47,9.1,17.7,6.0
2022-04-24,108,서울,20.45,7.0,18.5,6.4
2022-04-25,108,서울,8.1,0.3,20.0,10.0
2022-04-26,108,서울,24.94,9.5,21.9,5.0
2022-04-27,108,서울,26.83,11.8,17.7,0.4
2022-04-28,108,서울,22.34,8.3,18.2,5.8
2022-04-29,108,서울,13.08,1.5,13.4,8.8
2022-04-30,108,서울,12.52,0.8,13.0,8.0
2022-05-01,108,서울,27.41,10.0,13.4,1.3
2022-05-02,108,서울,26.03,10.4,14.2,2.0
2022-05-03,108,서울,28.07,12.5,14.8,1.0
2022-05-04,108,서울,27.22,12.6,17.8,0.0
2022-05-05,108,서울,29.35,12.7,18.9,0.5
2022-05-06,108,서울,25.6,10.3,19.6,5.3
2022-05-07,108,서울,22.57,6.8,18.4,8.6
2022-05-08,108,서울,6.2,0.0,15.3,9.1
2022-05-09,108,서울,29.25,12.8,17.9,3.1
2022-05-10,108,서울,27.82,9.5,19.9,7.3
2022-05-11,108,서울,25.73,9.8,19.7,6.9
2022-05-12,108,서울,27.45,11.4,20.9,3.9
2022-05-13,108,서울,19.95,4.8,19.4,5.9
2022-05-14,108,서울,22.58,10.8,15.7,4.4
2022-05-15,108,서울,30.01,12.9,16.2,2.0
2022-05-16,108,서울,28.89,13.1,17.3,0.5
2022-05-17,108,서울,27.56,12.8,20.0,0.3
2022-05-18,108,서울,15.71,6.4,20.0,4.3
2022-05-19,108,서울,20.97,7.8,19.9,4.9
2022-05-20,108,서울,25.74,10.8,20.6,5.0
2022-05-21,108,서울,24.88,9.3,20.1,3.6
2022-05-22,108,서울,24.3,9.0,20.3,3.8
2022-05-23,108,서울,26.01,10.4,23.0,3.0
2022-05-24,108,서울,28.86,12.3,22.9,3.4
2022-05-25,108,서울,22.59,8.1,21.0,6.5
2022-05-26,108,서울,28.88,11.6,18.7,4.5
2022-05-27,108,서울,28.71,11.8,20.0,2.4
2022-05-28,108,서울,27.49,12.4,22.3,2.1
2022-05-29,108,서울,21.5,7.0,23.1,6.0
2022-05-30,108,서울,9.8,0.2,20.8,7.9
2022-05-31,108,서울,27.48,12.0,20.7,1.4
2022-06-01,108,서울,30.79,13.5,22.1,0.6
2022-06-02,108,서울,27.13,10.4,21.5,3.9
2022-06-03,108,서울,27.2,10.6,24.5,4.1
2022-06-04,108,서울,18.22,6.2,25.6,7.0
2022-06-05,108,서울,8.16,0.1,22.7,9.1
2022-06-06,108,서울,21.01,5.5,19.7,6.9
2022-06-07,108,서울,17.34,6.2,20.6,6.4
2022-06-08,108,서울,16.97,5.1,21.2,6.4
2022-06-09,108,서울,10.66,2.6,20.9,5.5
2022-06-10,108,서울,15.38,4.8,20.9,5.6
2022-06-11,108,서울,26.54,10.7,24.6,3.4
2022-06-12,108,서울,24.52,9.3,24.6,5.8
2022-06-13,108,서울,20.66,7.7,23.6,7.5
2022-06-14,108,서울,18.58,5.7,21.5,7.8
2022-06-15,108,서울,5.62,0.0,17.5,9.8
2022-06-16,108,서울,13.0,3.8,20.3,5.6
2022-06-17,108,서울,17.86,3.2,22.5,5.8
2022-06-18,108,서울,6.07,0.0,23.3,7.6
2022-06-19,108,서울,5.06,0.0,23.4,8.6
2022-06-20,108,서울,12.59,1.8,25.2,6.0
2022-06-21,108,서울,28.94,12.6,26.5,3.1
2022-06-22,108,서울,22.39,7.4,25.9,6.1
2022-06-23,108,서울,3.41,0.0,24.3,8.9
2022-06-24,108,서울,8.5,1.7,22.6,8.4
2022-06-25,108,서울,17.55,3.0,26.0,7.5
2022-06-26,108,서울,3.0,0.0,26.5,10.0
2022-06-27,108,서울,4.75,0.0,26.8,10.0
2022-06-28,108,서울,3.33,0.0,26.9,10.0
2022-06-29,108,서울,2.94,0.0,25.1,10.0
2022-06-30,108,서울,2.42,0.0,22.3,10.0
2022-07-01,108,서울,21.53,7.2,26.6,5.6
2022-07-02,108,서울,25.83,10.8,28.8,4.1
2022-07-03,108,서울,26.25,10.8,29.3,4.6
2022-07-04,108,서울,14.9,3.6,29.3,6.9
2022-07-05,108,서울,15.99,2.6,29.2,7.5
2022-07-06,108,서울,14.49,1.1,29.5,7.3
2022-07-07,108,서울,8.29,0.6,28.2,9.3
2022-07-08,108,서울,6.94,0.0,25.8,9.5
2022-07-09,108,서울,13.64,1.8,26.9,7.0
2022-07-10,108,서울,23.08,8.4,29.2,5.6
2022-07-11,108,서울,13.85,2.8,27.0,6.3
2022-07-12,108,서울,11.82,0.8,26.8,8.1
2022-07-13,108,서울,1.25,0.0,25.0,10.0
2022-07-14,108,서울,17.21,3.9,25.7,8.1
2022-07-15,108,서울,24.49,8.9,26.0,5.3
2022-07-16,108,서울,10.77,1.5,24.8,8.3
2022-07-17,108,서울,16.82,3.6,25.5,7.3
2022-07-18,108,서울,21.01,5.2,26.8,5.4
2022-07-19,108,서울,23.44,8.4,27.4,6.3
2022-07-20,108,서울,17.68,3.1,27.1,9.0
2022-07-21,108,서울,6.6,0.5,23.2,8.9
2022-07-22,108,서울,13.54,2.5,25.1,7.5
2022-07-23,108,서울,9.09,0.1,24.8,9.4
2022-07-24,108,서울,8.82,0.4,25.0,9.5
2022-07-25,108,서울,25.49,9.6,27.5,3.8
2022-07-26,108,서울,22.31,9.0,28.9,5.0
2022-07-27,108,서울,19.72,6.0,29.3,5.3
2022-07-28,108,서울,25.2,9.9,29.7,3.5
2022-07-29,108,서울,20.28,7.6,30.7,5.0
2022-07-30,108,서울,23.53,9.4,30.9,4.5
2022-07-31,108,서울,4.93,0.0,27.2,9.8
2022-08-01,108,서울,15.09,3.2,28.6,8.9
2022-08-02,108,서울,4.37,0.0,26.8,9.9
2022-08-03,108,서울,8.74,1.3,27.1,9.3
2022-08-04,108,서울,22.24,8.7,28.9,4.4
2022-08-05,108,서울,19.58,6.3,29.4,5.9
2022-08-06,108,서울,7.48,0.4,28.7,7.5
2022-08-07,108,서울,9.26,0.6,28.9,8.4
2022-08-09,108,서울,2.42,0.0,25.1,10.0
2022-08-10,108,서울,16.23,3.1,24.7,9.1
2022-08-11,108,서울,8.81,0.8,25.0,9.0
2022-08-12,108,서울,24.86,10.6,27.0,4.5
2022-08-13,108,서울,5.06,0.8,25.8,8.9
2022-08-14,108,서울,13.95,2.2,27.6,7.8
2022-08-15,108,서울,6.28,0.0,28.1,9.5
2022-08-16,108,서울,23.34,9.2,26.7,4.8
2022-08-17,108,서울,17.1,6.0,26.0,4.0
2022-08-18,108,서울,12.57,2.6,25.6,6.4
2022-08-19,108,서울,5.56,0.0,26.0,9.6
2022-08-20,108,서울,23.65,9.6,28.2,4.8
2022-08-21,108,서울,16.37,5.5,28.1,5.9
2022-08-22,108,서울,11.71,1.5,26.8,8.4
2022-08-23,108,서울,20.42,7.1,25.4,5.4
2022-08-24,108,서울,12.34,2.0,24.8,6.8
2022-08-25,108,서울,4.5,0.0,22.2,8.3
2022-08-26,108,서울,19.91,7.8,23.8,4.5
2022-08-27,108,서울,27.09,12.4,21.5,1.3
2022-08-28,108,서울,24.53,12.1,22.6,5.1
2022-08-29,108,서울,5.97,0.0,21.0,9.9
2022-08-30,108,서울,3.06,0.0,19.1,10.0
2022-08-31,108,서울,10.32,2.5,21.7,7.5
2022-09-01,108,서울,25.02,12.1,24.0,1.0
2022-09-02,108,서울,24.51,11.6,24.7,2.4
2022-09-03,108,서울,16.39,4.5,24.2,6.6
2022-09-04,108,서울,3.54,0.0,22.3,9.6
2022-09-05,108,서울,1.61,0.0,19.2,10.0
2022-09-06,108,서울,20.76,8.4,21.0,3.9
2022-09-07,108,서울,24.4,11.9,22.8,0.1
2022-09-08,108,서울,23.96,11.8,23.2,2.1
2022-09-09,108,서울,23.91,11.1,24.3,4.1
2022-09-10,108,서울,18.76,6.5,23.6,7.9
2022-09-11,108,서울,10.27,1.8,23.3,8.9
2022-09-12,108,서울,13.15,3.5,23.8,8.1
2022-09-13,108,서울,7.38,0.1,24.3,9.6
2022-09-14,108,서울,10.09,1.1,24.6,8.8
2022-09-15,108,서울,12.29,3.4,25.2,8.4
2022-09-16,108,서울,10.4,1.8,25.7,9.0
2022-09-17,108,서울,11.31,3.8,25.6,7.8
2022-09-18,108,서울,15.9,5.7,27.1,6.5
2022-09-19,108,서울,18.62,6.9,24.6,5.4
2022-09-20,108,서울,18.93,9.7,19.9,2.1
2022-09-21,108,서울,22.18,11.0,19.4,0.5
2022-09-22,108,서울,17.9,7.4,19.8,4.0
2022-09-23,108,서울,16.53,7.9,17.5,3.0
2022-09-24,108,서울,21.67,10.7,18.5,3.4
2022-09-25,108,서울,17.94,7.8,19.6,6.4
2022-09-26,108,서울,18.48,8.7,20.0,6.5
2022-09-27,108,서울,21.17,11.2,20.9,0.5
2022-09-28,108,서울,12.51,5.0,20.4,4.6
2022-09-29,108,서울,17.37,7.9,20.4,2.5
2022-09-30,108,서울,19.27,10.6,20.7,0.3
2022-10-01,108,서울,17.31,7.9,20.9,5.4
2022-10-02,108,서울,3.8,0.0,19.4,9.9
2022-10-03,108,서울,1.06,0.0,21.4,10.0
2022-10-04,108,서울,6.5,0.4,17.9,9.8
2022-10-05,108,서울,15.62,4.9,16.6,7.5
2022-10-06,108,서울,7.74,1.6,15.8,8.9
2022-10-07,108,서울,15.08,7.6,14.3,3.4
2022-10-08,108,서울,18.48,9.5,15.8,2.9
2022-10-09,108,서울,2.4,0.0,13.1,8.8
2022-10-10,108,서울,9.31,2.3,9.9,7.4
2022-10-11,108,서울,18.72,10.3,11.1,2.1
2022-10-12,108,서울,18.13,10.6,13.5,0.0
2022-10-13,108,서울,17.98,10.4,16.3,2.5
2022-10-14,108,서울,13.52,4.9,17.1,7.9
2022-10-15,108,서울,16.21,8.2,18.2,5.8
2022-10-16,108,서울,6.15,0.6,16.9,8.8
2022-10-17,108,서울,18.79,10.1,11.2,1.4
2022-10-18,108,서울,18.27,10.2,9.4,0.0
2022-10-19,108,서울,17.78,10.2,10.5,0.0
2022-10-20,108,서울,17.2,10.1,12.9,2.1
2022-10-21,108,서울,15.16,8.8,14.0,4.9
2022-10-22,108,서울,14.93,9.3,15.1,4.3
2022-10-23,108,서울,14.04,7.7,14.0,2.5
2022-10-24,108,서울,16.88,9.9,10.6,0.3
2022-10-25,108,서울,16.37,9.9,11.3,0.0
2022-10-26,108,서울,12.66,7.3,12.9,4.9
2022-10-27,108,서울,14.31,9.2,13.2,1.4
2022-10-28,108,서울,14.35,8.3,13.6,1.5
2022-10-29,108,서울,14.64,9.3,14.8,1.1
2022-10-30,108,서울,13.64,8.9,14.9,1.1
2022-10-31,108,서울,13.19,7.6,14.9,4.0
2022-11-01,108,서울,9.52,4.7,13.1,3.4
2022-11-02,108,서울,15.45,9.6,11.1,0.0
2022-11-03,108,서울,5.36,0.6,9.3,6.1
2022-11-04,108,서울,15.6,9.6,4.9,0.1
2022-11-05,108,서울,15.06,9.7,6.5,0.0
2022-11-06,108,서울,14.19,9.6,9.6,2.6
2022-11-07,108,서울,8.35,4.4,11.4,5.9
2022-11-08,108,서울,11.55,8.1,12.9,2.5
2022-11-09,108,서울,9.82,5.3,11.4,6.1
2022-11-10,108,서울,10.6,7.9,13.5,1.6
2022-11-11,108,서울,11.75,8.8,15.6,0.9
2022-11-12,108,서울,6.93,2.6,16.3,8.1
2022-11-13,108,서울,3.61,0.0,10.3,8.8
2022-11-14,108,서울,8.25,4.5,9.7,5.3
2022-11-15,108,서울,6.96,2.9,8.1,6.5
2022-11-16,108,서울,12.11,8.3,8.5,2.0
2022-11-17,108,서울,11.46,9.1,10.2,1.3
2022-11-18,108,서울,12.08,9.1,11.0,1.0
2022-11-19,108,서울,11.5,9.0,12.9,3.1
2022-11-20,108,서울,11.85,9.1,13.7,1.8
2022-11-21,108,서울,6.36,3.1,11.8,3.4
2022-11-22,108,서울,5.55,1.6,10.7,8.8
2022-11-23,108,서울,11.6,7.9,10.8,3.3
2022-11-24,108,서울,9.32,6.5,9.4,3.4
2022-11-25,108,서울,10.66,7.6,12.3,5.0
2022-11-26,108,서울,11.75,8.6,6.7,0.3
2022-11-27,108,서울,10.15,7.4,5.4,2.4
2022-11-28,108,서울,3.87,0.8,12.3,8.4
2022-11-29,108,서울,5.34,2.0,6.9,8.8
2022-11-30,108,서울,12.17,9.1,-5.4,1.5
2022-12-01,108,서울,10.23,8.1,-5.4,1.5
2022-12-02,108,서울,11.87,9.0,-2.5,1.8
2022-12-03,108,서울,6.28,2.6,2.1,6.6
2022-12-04,108,서울,6.13,1.3,-3.5,6.9
2022-12-05,108,서울,11.74,8.6,-3.1,2.9
2022-12-06,108,서울,9.16,4.8,0.9,6.1
2022-12-07,108,서울,9.89,7.8,4.9,1.8
2022-12-08,108,서울,9.97,9.0,3.7,1.0
2022-12-09,108,서울,7.22,4.9,4.5,3.4
2022-12-10,108,서울,6.71,3.6,2.6,6.1
2022-12-11,108,서울,11.11,8.9,1.6,0.9
2022-12-12,108,서울,5.05,2.3,2.0,7.5
2022-12-13,108,서울,4.85,1.7,0.0,6.6
2022-12-14,108,서울,11.41,8.9,-8.4,1.4
2022-12-15,108,서울,2.17,0.0,-4.5,7.3
2022-12-16,108,서울,10.44,8.2,-6.3,4.5
2022-12-17,108,서울,10.46,7.4,-7.0,2.3
2022-12-18,108,서울,11.42,9.0,-9.5,0.0
2022-12-19,108,서울,8.93,6.5,-7.0,2.1
2022-12-20,108,서울,10.1,7.7,-3.2,4.9
2022-12-21,108,서울,2.48,0.0,-0.1,8.5
2022-12-22,108,서울,10.05,7.4,-7.8,2.1
2022-12-23,108,서울,10.76,8.4,-11.8,2.0
2022-12-24,108,서울,10.92,8.9,-8.4,0.6
2022-12-25,108,서울,10.89,9.0,-5.4,0.1
2022-12-26,108,서울,8.27,7.6,-3.9,1.4
2022-12-27,108,서울,10.25,8.8,-2.6,0.1
2022-12-28,108,서울,10.86,8.7,-3.3,3.3
2022-12-29,108,서울,10.88,9.0,-2.9,3.3
2022-12-30,108,서울,10.84,7.9,-1.8,1.4
2022-12-31,108,서울,4.16,1.1,-1.2,7.4
2023-01-01,108,서울,10.81,9.0,-0.2,1.3
2023-01-02,108,서울,11.63,9.1,-4.5,0.0
2023-01-03,108,서울,11.77,9.1,-5.0,0.0
2023-01-04,108,서울,10.89,8.7,-1.8,1.9
2023-01-05,108,서울,6.09,4.7,-1.6,3.6
2023-01-06,108,서울,8.78,7.1,0.6,5.8
2023-01-07,108,서울,4.78,1.0,1.5,5.6
2023-01-08,108,서울,9.37,7.1,1.3,3.0
2023-01-09,108,서울,10.53,7.8,3.1,3.3
2023-01-10,108,서울,11.33,8.8,1.6,1.4
2023-01-11,108,서울,10.86,8.8,2.6,1.4
2023-01-12,108,서울,10.88,9.0,5.9,1.8
2023-01-13,108,서울,1.11,0.0,8.3,10.0
2023-01-14,108,서울,1.84,0.0,6.6,9.8
2023-01-15,108,서울,1.32,0.0,-0.2,10.0
2023-01-16,108,서울,12.95,8.8,-4.6,2.8
2023-01-17,108,서울,5.27,0.2,-3.7,8.8
2023-01-18,108,서울,12.71,8.9,-1.9,1.1
2023-01-19,108,서울,7.63,3.1,-0.4,6.3
2023-01-20,108,서울,13.49,8.7,-3.3,0.3
2023-01-21,108,서울,12.37,8.5,-4.5,2.0
2023-01-22,108,서울,4.41,0.3,-0.6,7.5
2023-01-23,108,서울,10.15,7.3,-0.8,5.3
2023-01-24,108,서울,14.08,9.4,-14.7,1.0
2023-01-25,108,서울,14.08,9.4,-11.3,1.6
2023-01-26,108,서울,4.51,0.0,-6.0,8.5
2023-01-27,108,서울,14.1,9.4,-7.3,0.0
2023-01-28,108,서울,12.58,9.0,-6.0,1.0
2023-01-29,108,서울,9.79,5.2,-1.8,2.5
2023-01-30,108,서울,14.17,9.5,-0.9,0.0
2023-01-31,108,서울,6.5,3.0,2.4,5.4
2023-02-01,108,서울,13.24,8.9,0.9,2.5
2023-02-02,108,서울,10.94,7.6,-2.4,5.5
2023-02-03,108,서울,13.54,8.6,-1.6,3.0
2023-02-04,108,서울,13.23,8.2,-0.2,0.9
2023-02-05,108,서울,11.35,7.0,1.7,2.3
2023-02-06,108,서울,10.69,7.1,3.0,3.6
2023-02-07,108,서울,10.12,6.4,3.5,3.4
2023-02-08,108,서울,14.82,9.5,2.1,0.3
2023-02-09,108,서울,12.36,6.7,4.0,6.5
2023-02-10,108,서울,7.07,2.0,3.8,6.1
2023-02-11,108,서울,10.9,5.5,2.8,3.4
2023-02-12,108,서울,8.48,2.0,3.7,6.9
2023-02-13,108,서울,5.44,0.8,5.9,7.3
2023-02-14,108,서울,15.95,9.5,1.7,1.6
2023-02-15,108,서울,15.24,9.4,3.2,3.9
2023-02-16,108,서울,6.45,1.9,2.3,5.4
2023-02-17,108,서울,13.67,7.5,3.4,5.0
2023-02-18,108,서울,2.91,0.0,5.7,9.9
2023-02-19,108,서울,14.47,7.0,3.5,3.9
2023-02-20,108,서울,18.16,9.5,-0.5,0.0
2023-02-21,108,서울,18.25,10.0,-1.3,0.1
2023-02-22,108,서울,17.0,9.2,1.2,5.5
2023-02-23,108,서울,15.87,10.0,2.9,2.5
2023-02-24,108,서울,17.42,9.8,3.5,1.8
2023-02-25,108,서울,18.6,10.2,0.7,0.0
2023-02-26,108,서울,18.83,10.4,2.2,0.0
2023-02-27,108,서울,18.65,10.5,4.4,0.0
2023-02-28,108,서울,10.26,3.0,4.3,5.5
2023-03-01,108,서울,10.19,4.1,6.0,5.4
2023-03-02,108,서울,19.45,10.5,2.2,0.0
2023-03-03,108,서울,15.67,7.5,4.6,3.8
2023-03-04,108,서울,14.91,8.7,7.7,4.8
2023-03-05,108,서울,17.21,10.1,8.0,0.0
2023-03-06,108,서울,18.63,10.0,9.2,1.1
2023-03-07,108,서울,15.35,7.0,11.7,2.1
2023-03-08,108,서울,8.39,1.8,12.5,7.0
2023-03-09,108,서울,6.52,2.0,10.3,5.1
2023-03-10,108,서울,17.03,9.6,13.5,0.0
2023-03-11,108,서울,16.95,7.6,15.2,5.9
2023-03-12,108,서울,3.68,0.8,5.9,5.9
2023-03-13,108,서울,20.79,9.8,2.9,3.1
2023-03-14,108,서울,19.73,9.1,9.2,3.4
2023-03-15,108,서울,5.62,1.2,8.6,6.4
2023-03-16,108,서울,18.09,6.7,4.6,5.5
2023-03-17,108,서울,13.94,4.4,7.2,8.0
2023-03-18,108,서울,19.07,9.9,7.7,1.9
2023-03-19,108,서울,21.25,11.1,8.3,0.4
2023-03-20,108,서울,20.06,10.0,9.5,2.8
2023-03-21,108,서울,21.6,10.8,13.0,1.1
2023-03-22,108,서울,16.64,6.2,17.0,6.4
2023-03-23,108,서울,14.5,5.3,17.4,5.6
2023-03-24,108,서울,16.13,6.6,12.5,8.0
2023-03-25,108,서울,15.13,5.7,12.5,4.1
2023-03-26,108,서울,24.36,11.1,9.4,0.8
2023-03-27,108,서울,22.88,11.1,7.3,1.1
2023-03-28,108,서울,18.44,7.4,9.2,2.9
2023-03-29,108,서울,21.79,11.0,11.8,0.3
2023-03-30,108,서울,23.58,11.5,13.3,1.1
2023-03-31,108,서울,22.99,11.2,15.0,0.0
2023-04-01,108,서울,21.48,10.8,17.5,1.8
2023-04-02,108,서울,24.08,11.7,18.8,0.4
2023-04-03,108,서울,22.95,11.0,19.0,4.1
2023-04-04,108,서울,10.78,1.6,17.6,9.1
2023-04-05,108,서울,1.56,0.0,11.9,10.0
2023-04-06,108,서울,2.15,0.0,8.8,9.8
2023-04-07,108,서울,23.34,10.4,8.9,1.5
2023-04-08,108,서울,25.74,11.9,8.8,0.4
2023-04-09,108,서울,25.54,12.0,10.8,0.0
2023-04-10,108,서울,22.29,10.1,13.2,2.6
2023-04-11,108,서울,2.01,0.0,13.1,6.5
2023-04-12,108,서울,24.87,10.7,10.1,0.8
2023-04-13,108,서울,16.17,4.4,11.9,5.1
2023-04-14,108,서울,14.25,3.3,16.2,8.1
2023-04-15,108,서울,9.5,2.3,13.5,7.4
2023-04-16,108,서울,14.45,3.2,10.8,6.9
2023-04-17,108,서울,17.76,6.1,13.1,6.1
2023-04-18,108,서울,10.85,3.6,14.0,6.4
2023-04-19,108,서울,27.82,12.3,19.1,2.3
2023-04-20,108,서울,4.12,0.0,15.8,9.5
2023-04-21,108,서울,21.05,7.8,16.7,3.8
2023-04-22,108,서울,21.2,5.6,16.9,7.6
2023-04-23,108,서울,19.47,4.4,16.1,8.0
2023-04-24,108,서울,20.31,7.8,15.8,5.8
2023-04-25,108,서울,5.22,0.0,10.9,9.4
2023-04-26,108,서울,15.52,4.1,10.2,4.5
2023-04-27,108,서울,26.55,12.2,12.9,0.5
2023-04-28,108,서울,21.25,8.4,15.7,6.4
2023-04-29,108,서울,6.04,0.8,13.2,9.6
2023-04-30,108,서울,19.71,5.8,12.7,6.1
2023-05-01,108,서울,26.8,11.4,14.6,3.0
2023-05-02,108,서울,21.58,8.2,16.7,6.6
2023-05-03,108,서울,26.2,10.4,19.5,4.5
2023-05-04,108,서울,16.89,2.5,21.4,7.9
2023-05-05,108,서울,1.74,0.0,18.4,10.0
2023-05-06,108,서울,5.42,0.0,12.6,9.3
2023-05-07,108,서울,12.18,2.2,14.4,7.1
2023-05-08,108,서울,28.55,12.7,15.3,2.4
2023-05-09,108,서울,28.29,12.8,17.0,0.9
2023-05-10,108,서울,25.58,12.7,18.4,2.5
2023-05-11,108,서울,27.64,12.9,19.5,2.9
2023-05-12,108,서울,19.9,6.7,18.4,5.0
2023-05-13,108,서울,23.86,8.8,17.8,3.6
2023-05-14,108,서울,25.41,9.6,18.1,1.6
2023-05-15,108,서울,26.49,11.6,20.6,2.0
2023-05-16,108,서울,27.62,12.1,24.0,2.1
2023-05-17,108,서울,27.59,11.4,23.5,4.6
2023-05-18,108,서울,13.7,1.4,21.2,7.1
2023-05-19,108,서울,25.57,9.4,22.3,2.4
2023-05-20,108,서울,25.72,9.7,21.2,5.0
2023-05-21,108,서울,20.72,5.8,17.8,9.0
2023-05-22,108,서울,23.93,7.9,20.3,6.3
2023-05-23,108,서울,29.85,13.2,20.5,0.6
2023-05-24,108,서울,19.16,6.2,20.6,7.0
2023-05-25,108,서울,27.9,10.4,21.2,5.4
2023-05-26,108,서울,26.25,10.7,21.4,7.0
2023-05-27,108,서울,3.13,0.0,19.3,9.6
2023-05-28,108,서울,2.46,0.0,19.2,10.0
2023-05-29,108,서울,15.87,4.1,23.2,6.8
2023-05-30,108,서울,18.2,3.7,24.0,6.5
2023-05-31,108,서울,23.98,7.1,22.8,6.5
2023-06-01,108,서울,15.18,2.2,22.8,8.3
2023-06-02,108,서울,14.24,5.2,20.4,3.5
2023-06-03,108,서울,31.19,13.3,22.0,2.1
2023-06-04,108,서울,28.74,11.1,22.1,3.3
2023-06-05,108,서울,26.6,10.9,21.5,4.4
2023-06-06,108,서울,21.98,7.9,20.3,6.1
2023-06-07,108,서울,10.07,1.0,21.4,8.9
2023-06-08,108,서울,10.19,0.9,20.4,8.4
2023-06-09,108,서울,28.15,11.8,23.3,4.6
2023-06-10,108,서울,18.18,5.6,23.2,6.9
2023-06-11,108,서울,21.1,6.4,22.1,6.1
2023-06-12,108,서울,19.9,6.7,22.2,6.6
2023-06-13,108,서울,25.43,9.9,22.0,3.9
2023-06-14,108,서울,13.12,4.2,20.6,4.1
2023-06-15,108,서울,25.05,8.8,22.7,2.9
2023-06-16,108,서울,29.89,12.5,23.7,0.9
2023-06-17,108,서울,27.4,10.8,24.2,4.4
2023-06-18,108,서울,28.79,12.3,25.9,3.4
2023-06-19,108,서울,25.29,11.0,28.5,3.3
2023-06-20,108,서울,5.89,0.0,24.7,8.8
2023-06-21,108,서울,4.79,0.0,20.5,9.4
2023-06-22,108,서울,21.48,6.9,22.5,6.3
2023-06-23,108,서울,18.74,5.3,24.4,5.0
2023-06-24,108,서울,21.93,9.7,26.4,1.5
2023-06-25,108,서울,23.62,8.7,28.2,5.8
2023-06-26,108,서울,3.39,0.0,24.2,10.0
2023-06-27,108,서울,20.95,6.8,25.3,6.5
2023-06-28,108,서울,18.56,3.8,26.5,8.1
2023-06-29,108,서울,2.31,0.0,24.2,10.0
2023-06-30,108,서울,10.02,1.4,25.3,7.4
2023-07-01,108,서울,29.21,12.4,27.7,1.4
2023-07-02,108,서울,19.16,4.3,26.7,6.6
2023-07-03,108,서울,25.34,8.8,29.1,4.9
2023-07-04,108,서울,6.08,0.0,26.1,9.8
2023-07-05,108,서울,19.96,4.5,24.5,5.9
2023-07-06,108,서울,25.47,8.8,27.3,6.3
2023-07-07,108,서울,23.96,8.7,26.7,4.1
2023-07-08,108,서울,13.93,1.6,25.6,7.6
2023-07-09,108,서울,8.07,1.1,24.7,8.8
2023-07-10,108,서울,18.41,5.9,26.3,7.3
2023-07-11,108,서울,2.21,0.0,23.5,9.4
2023-07-12,108,서울,12.34,1.2,25.8,9.4
2023-07-13,108,서울,2.63,0.0,25.2,10.0
2023-07-14,108,서울,1.52,0.0,24.6,10.0
2023-07-15,108,서울,3.16,0.0,24.5,9.9
2023-07-16,108,서울,5.31,0.0,24.6,9.3
2023-07-17,108,서울,10.78,0.4,25.5,9.0
2023-07-18,108,서울,7.94,2.0,25.2,8.0
2023-07-19,108,서울,26.41,11.5,27.2,2.3
2023-07-20,108,서울,24.17,9.9,27.9,2.9
2023-07-21,108,서울,23.64,10.2,29.5,2.3
2023-07-22,108,서울,17.66,6.4,27.7,6.6
2023-07-23,108,서울,2.37,0.0,25.2,10.0
2023-07-24,108,서울,14.08,3.2,26.9,7.3
2023-07-25,108,서울,16.84,3.5,27.8,7.1
2023-07-26,108,서울,15.79,3.0,27.6,7.6
2023-07-27,108,서울,18.25,6.8,28.4,5.9
2023-07-28,108,서울,23.36,9.5,29.5,3.3
2023-07-29,108,서울,18.5,6.8,29.1,4.4
2023-07-30,108,서울,21.99,9.1,28.8,4.8
2023-07-31,108,서울,20.26,6.5,28.7,6.4
2023-08-01,108,서울,21.25,10.3,29.9,4.1
2023-08-02,108,서울,24.81,11.2,29.7,4.0
2023-08-03,108,서울,25.4,11.0,29.5,3.9
2023-08-04,108,서울,23.13,9.6,30.0,4.3
2023-08-05,108,서울,27.31,12.7,30.3,2.8
2023-08-06,108,서울,12.95,3.8,29.8,5.8
2023-08-07,108,서울,15.83,5.8,30.4,4.4
2023-08-08,108,서울,23.96,11.0,30.9,2.4
2023-08-09,108,서울,13.66,3.3,28.3,8.0
2023-08-10,108,서울,2.42,0.0,22.2,10.0
2023-08-11,108,서울,3.94,0.0,23.5,10.0
2023-08-12,108,서울,4.19,0.1,23.3,8.9
2023-08-13,108,서울,17.49,2.7,27.0,8.3
2023-08-14,108,서울,13.71,3.9,28.1,4.0
2023-08-15,108,서울,21.84,7.7,28.6,6.5
2023-08-16,108,서울,15.46,3.7,27.3,4.5
2023-08-17,108,서울,18.24,6.2,28.2,4.6
2023-08-18,108,서울,19.56,7.3,29.1,3.1
2023-08-19,108,서울,21.24,9.1,29.1,3.9
2023-08-20,108,서울,15.87,3.6,28.3,7.3
2023-08-21,108,서울,19.04,6.4,29.5,6.6
2023-08-22,108,서울,10.5,1.3,27.6,9.0
2023-08-23,108,서울,3.33,0.1,24.8,9.6
2023-08-24,108,서울,12.56,1.5,25.1,9.0
2023-08-25,108,서울,20.42,8.3,26.5,5.0
2023-08-26,108,서울,19.84,7.3,26.4,6.4
2023-08-27,108,서울,12.0,1.2,26.1,8.9
2023-08-28,108,서울,3.99,0.0,22.7,10.0
2023-08-29,108,서울,2.87,0.0,23.9,9.4
2023-08-30,108,서울,4.42,0.0,22.8,9.8
2023-08-31,108,서울,18.53,7.0,23.9,6.0
2023-09-01,108,서울,24.59,12.1,24.5,0.5
2023-09-02,108,서울,23.72,11.3,25.4,4.6
2023-09-03,108,서울,12.19,1.9,25.8,8.1
2023-09-04,108,서울,10.24,0.7,27.0,9.1
2023-09-05,108,서울,19.14,7.0,28.5,6.4
2023-09-06,108,서울,22.64,11.3,27.9,1.1
2023-09-07,108,서울,24.56,12.1,26.3,0.0
2023-09-08,108,서울,24.13,12.0,25.3,0.4
2023-09-09,108,서울,22.64,10.9,25.8,3.3
2023-09-10,108,서울,14.57,5.7,25.7,6.1
2023-09-11,108,서울,14.79,5.1,25.5,6.5
2023-09-12,108,서울,12.52,3.5,25.7,7.4
2023-09-13,108,서울,3.35,0.0,22.1,9.9
2023-09-14,108,서울,13.7,4.2,23.4,7.6
2023-09-15,108,서울,5.35,0.1,22.3,9.8
2023-09-16,108,서울,6.3,0.1,23.9,9.9
2023-09-17,108,서울,12.49,3.3,24.7,8.0
2023-09-18,108,서울,13.83,4.9,24.7,3.8
2023-09-19,108,서울,8.98,1.3,24.1,8.6
2023-09-20,108,서울,2.53,0.0,20.6,9.4
2023-09-21,108,서울,13.28,2.4,20.1,7.1
2023-09-22,108,서울,20.37,10.4,20.5,2.0
2023-09-23,108,서울,19.69,10.9,21.8,4.6
2023-09-24,108,서울,19.16,9.0,21.8,5.4
2023-09-25,108,서울,11.15,1.3,21.6,9.6
2023-09-26,108,서울,2.33,0.0,19.9,10.0
2023-09-27,108,서울,6.65,0.1,21.5,9.1
2023-09-28,108,서울,17.06,8.4,22.7,5.0
2023-09-29,108,서울,16.39,5.5,21.1,7.1
2023-09-30,108,서울,7.45,1.6,19.7,6.1
2023-10-01,108,서울,20.05,10.4,18.4,0.1
2023-10-02,108,서울,19.93,10.3,18.2,2.0
2023-10-03,108,서울,9.4,3.0,17.5,4.9
2023-10-04,108,서울,12.11,5.3,17.3,5.8
2023-10-05,108,서울,19.99,10.6,14.2,2.3
2023-10-06,108,서울,17.92,8.8,15.5,5.6
2023-10-07,108,서울,13.16,5.2,16.8,7.8
2023-10-08,108,서울,5.92,0.0,17.1,8.4
2023-10-09,108,서울,11.77,4.2,17.4,6.0
2023-10-10,108,서울,18.62,10.6,17.1,0.0
2023-10-11,108,서울,17.49,10.0,17.6,0.5
2023-10-12,108,서울,14.4,7.3,17.5,4.1
2023-10-13,108,서울,9.14,2.5,17.5,7.6
2023-10-14,108,서울,6.54,2.5,14.7,5.5
2023-10-15,108,서울,13.73,6.1,16.1,2.0
2023-10-16,108,서울,18.0,10.4,14.7,0.0
2023-10-17,108,서울,17.85,10.4,13.8,0.0
2023-10-18,108,서울,14.37,8.3,15.7,4.0
2023-10-19,108,서울,2.88,0.0,17.0,9.5
2023-10-20,108,서울,17.9,10.1,11.6,1.3
2023-10-21,108,서울,16.7,8.6,10.4,1.1
2023-10-22,108,서울,14.58,8.6,12.5,4.3
2023-10-23,108,서울,12.64,6.5,15.2,3.8
2023-10-24,108,서울,9.34,3.7,15.6,5.0
2023-10-25,108,서울,11.4,6.0,16.6,4.0
2023-10-26,108,서울,5.79,0.8,17.2,8.9
2023-10-27,108,서울,10.07,4.6,15.7,3.8
2023-10-28,108,서울,15.3,9.7,14.2,0.0
2023-10-29,108,서울,15.3,9.7,14.9,0.0
2023-10-30,108,서울,13.71,9.3,15.1,1.1
2023-10-31,108,서울,10.57,5.2,16.5,5.8
2023-11-01,108,서울,2.23,0.0,19.0,9.0
2023-11-02,108,서울,12.86,8.0,20.8,4.6
2023-11-03,108,서울,6.1,1.2,19.5,7.9
2023-11-04,108,서울,8.32,2.8,17.4,5.6
2023-11-05,108,서울,3.75,0.0,17.3,9.1
2023-11-06,108,서울,4.42,0.8,13.3,9.4
2023-11-07,108,서울,14.34,8.4,5.8,1.6
2023-11-08,108,서울,13.65,9.4,8.4,2.6
2023-11-09,108,서울,6.78,2.1,11.4,5.6
2023-11-10,108,서울,14.52,9.0,3.4,1.1
2023-11-11,108,서울,10.9,7.0,1.7,1.9
2023-11-12,108,서울,14.17,9.5,1.2,0.0
2023-11-13,108,서울,14.18,9.5,2.0,0.0
2023-11-14,108,서울,12.94,9.3,5.0,2.3
2023-11-15,108,서울,10.47,6.9,7.0,4.0
2023-11-16,108,서울,1.09,0.0,6.6,9.0
2023-11-17,108,서울,7.42,5.0,1.6,4.3
2023-11-18,108,서울,12.88,9.3,0.6,0.0
2023-11-19,108,서울,7.79,5.4,5.9,2.6
2023-11-20,108,서울,12.93,9.3,6.2,0.0
2023-11-21,108,서울,12.57,9.3,7.4,0.0
2023-11-22,108,서울,10.28,6.5,9.5,4.0
2023-11-23,108,서울,8.41,5.0,9.9,4.4
2023-11-24,108,서울,12.67,8.6,-1.5,0.3
2023-11-25,108,서울,12.67,9.1,-1.3,1.8
2023-11-26,108,서울,6.39,1.4,4.0,8.9
2023-11-27,108,서울,2.35,0.9,6.2,6.8
2023-11-28,108,서울,9.86,6.3,1.3,2.3
2023-11-29,108,서울,4.75,2.7,-1.4,4.4
2023-11-30,108,서울,12.44,9.2,-4.3,0.0
2023-12-01,108,서울,12.2,9.2,-3.2,0.1
2023-12-02,108,서울,8.25,4.0,2.0,4.0
2023-12-03,108,서울,11.62,9.1,0.8,0.0
2023-12-04,108,서울,10.39,8.2,2.7,2.5
2023-12-05,108,서울,8.09,6.8,6.8,3.8
2023-12-06,108,서울,1.87,0.0,6.1,6.3
2023-12-07,108,서울,9.35,6.7,6.6,1.9
2023-12-08,108,서울,7.54,5.3,11.2,1.4
2023-12-09,108,서울,4.05,0.8,13.7,8.3
2023-12-11,108,서울,1.54,0.0,8.9,10.0
2023-12-12,108,서울,6.08,3.5,5.4,4.9
2023-12-13,108,서울,6.06,2.3,6.8,6.3
2023-12-14,108,서울,1.46,0.0,7.6,10.0
2023-12-15,108,서울,1.48,0.0,4.9,10.0
2023-12-16,108,서울,8.49,4.6,-4.1,5.6
2023-12-17,108,서울,11.81,9.0,-9.8,0.0
2023-12-18,108,서울,7.01,4.1,-7.7,6.9
2023-12-19,108,서울,5.77,0.8,-3.7,6.9
2023-12-20,108,서울,9.07,6.0,-7.4,2.6
2023-12-21,108,서울,11.49,9.0,-11.7,0.0
2023-12-22,108,서울,11.56,9.1,-11.6,0.0
2023-12-23,108,서울,10.84,8.9,-6.8,1.4
2023-12-24,108,서울,10.09,6.9,-2.2,5.0
2023-12-25,108,서울,4.14,1.7,-0.7,6.5
2023-12-26,108,서울,9.17,7.5,1.9,2.9
2023-12-27,108,서울,9.47,8.2,1.5,0.5
2023-12-28,108,서울,9.25,8.1,1.2,3.1
2023-12-29,108,서울,5.43,1.8,1.3,4.8
2023-12-30,108,서울,0.69,0.0,0.6,9.5
2023-12-31,108,서울,3.06,0.6,2.1,5.8
2024-01-01,108,서울,7.44,4.3,3.3,6.4
2024-01-02,108,서울,3.87,0.3,2.9,8.9
2024-01-03,108,서울,3.32,1.2,1.8,6.0
2024-01-04,108,서울,5.22,0.5,1.4,6.1
2024-01-05,108,서울,7.77,5.7,5.0,4.1
2024-01-06,108,서울,11.42,8.7,0.7,2.3
2024-01-07,108,서울,12.13,9.1,-4.4,0.1
2024-01-08,108,서울,11.65,8.3,-4.7,3.8
2024-01-09,108,서울,1.48,0.0,-0.6,8.5
2024-01-10,108,서울,7.81,5.0,-1.0,3.1
2024-01-11,108,서울,4.58,0.4,1.7,7.0
2024-01-12,108,서울,11.77,8.9,0.9,0.0
2024-01-13,108,서울,12.05,9.1,0.4,0.3
2024-01-14,108,서울,1.28,0.7,-0.6,5.8
2024-01-15,108,서울,12.82,9.2,-3.7,0.0
2024-01-16,108,서울,11.86,8.3,-2.1,2.3
2024-01-17,108,서울,1.9,0.0,0.6,9.4
2024-01-18,108,서울,9.86,6.3,4.5,4.5
2024-01-19,108,서울,10.29,7.1,5.4,7.0
2024-01-20,108,서울,2.74,0.0,3.4,8.9
2024-01-21,108,서울,3.57,0.0,1.7,9.1
2024-01-22,108,서울,8.49,3.6,-8.7,5.0
2024-01-23,108,서울,13.53,9.1,-11.7,0.5
2024-01-24,108,서울,13.63,9.3,-8.0,0.0
2024-01-25,108,서울,13.57,9.4,-5.3,0.0
2024-01-26,108,서울,12.68,9.4,-1.7,0.8
2024-01-27,108,서울,12.43,8.0,-0.5,2.9
2024-01-28,108,서울,12.52,8.0,-1.5,2.0
2024-01-29,108,서울,12.65,9.2,-0.4,2.0
2024-01-30,108,서울,12.73,9.4,1.4,2.3
2024-01-31,108,서울,12.65,8.9,4.7,2.6
2024-02-01,108,서울,10.12,6.8,2.4,6.4
2024-02-02,108,서울,10.3,4.4,3.1,5.4
2024-02-03,108,서울,6.77,1.0,4.7,8.4
2024-02-04,108,서울,10.88,4.6,7.3,8.6
2024-02-05,108,서울,3.47,0.0,2.7,10.0
2024-02-06,108,서울,4.49,0.0,1.2,8.8
2024-02-07,108,서울,3.61,0.0,0.6,6.6
2024-02-08,108,서울,13.96,9.2,0.6,2.0
2024-02-09,108,서울,12.47,6.9,1.1,3.3
2024-02-10,108,서울,11.32,5.6,1.7,2.3
2024-02-11,108,서울,10.38,5.6,1.0,2.0
2024-02-12,108,서울,15.35,9.7,3.5,0.3
2024-02-13,108,서울,10.98,5.5,8.2,2.5
2024-02-14,108,서울,10.39,4.0,12.9,7.0
2024-02-15,108,서울,2.71,0.9,4.5,7.6
2024-02-16,108,서울,13.32,7.9,2.3,0.6
2024-02-17,108,서울,15.33,8.7,4.4,0.0
2024-02-18,108,서울,3.01,1.1,6.2,7.1
2024-02-19,108,서울,1.37,0.0,9.1,9.6
2024-02-20,108,서울,2.34,0.0,4.3,9.9
2024-02-21,108,서울,2.77,0.0,1.9,10.0
2024-02-22,108,서울,4.5,0.0,0.2,9.8
2024-02-23,108,서울,15.28,5.8,1.8,5.9
2024-02-24,108,서울,12.07,5.5,2.0,7.4
2024-02-25,108,서울,7.55,0.9,2.8,6.4
2024-02-26,108,서울,14.98,6.8,3.8,2.1
2024-02-27,108,서울,13.06,5.5,5.3,7.5
2024-02-28,108,서울,10.2,1.7,6.4,8.5
2024-02-29,108,서울,7.01,1.2,4.8,6.8
2024-03-01,108,서울,20.33,10.6,-4.1,0.0
2024-03-02,108,서울,13.21,5.8,-0.5,4.5
2024-03-03,108,서울,13.52,6.6,4.0,2.3
2024-03-04,108,서울,17.79,9.5,5.4,4.5
2024-03-05,108,서울,6.29,0.1,8.0,8.8
2024-03-06,108,서울,10.31,2.3,6.2,5.9
2024-03-07,108,서울,8.77,2.5,3.9,5.0
2024-03-08,108,서울,19.91,10.4,2.1,0.4
2024-03-09,108,서울,21.15,10.9,2.0,0.0
2024-03-10,108,서울,20.38,10.9,4.2,1.0
2024-03-12,108,서울,0.3,0.0,6.6,6.0
2024-03-13,108,서울,20.78,10.9,6.5,0.4
2024-03-15,108,서울,20.18,10.6,8.9,0.0
2024-03-16,108,서울,18.28,8.3,10.9,3.9
2024-03-17,108,서울,18.59,8.7,8.8,5.6
2024-03-18,108,서울,21.33,10.6,7.1,2.0
2024-03-19,108,서울,9.63,2.7,6.7,6.1
2024-03-20,108,서울,19.09,9.0,4.4,1.8
2024-03-21,108,서울,22.43,11.3,5.0,2.0
2024-03-22,108,서울,10.25,3.5,10.4,7.6
2024-03-23,108,서울,19.2,8.2,13.0,6.4
2024-03-24,108,서울,19.89,8.1,16.2,4.9
2024-03-25,108,서울,4.68,0.0,10.6,9.6
2024-03-26,108,서울,13.76,2.3,7.4,6.1
2024-03-27,108,서울,18.46,8.8,10.4,5.3
2024-03-28,108,서울,4.13,0.0,10.3,8.5
2024-03-29,108,서울,6.68,2.5,7.6,4.8
2024-03-30,108,서울,16.07,5.4,8.8,3.9
2024-03-31,108,서울,22.79,10.1,10.6,1.6
2024-04-01,108,서울,23.72,11.5,12.2,0.3
2024-04-02,108,서울,21.69,9.5,15.4,3.1
2024-04-03,108,서울,7.18,0.3,16.6,7.8
2024-04-04,108,서울,15.47,3.6,15.5,6.5
2024-04-05,108,서울,17.11,6.2,14.0,5.1
2024-04-06,108,서울,17.49,6.6,12.7,3.9
2024-04-07,108,서울,23.4,11.4,14.8,1.0
2024-04-08,108,서울,14.44,2.0,16.2,8.3
2024-04-09,108,서울,25.68,11.9,15.3,0.4
2024-04-10,108,서울,15.38,3.9,13.8,6.0
2024-04-11,108,서울,14.28,4.0,15.5,5.3
2024-04-12,108,서울,23.59,9.8,17.2,1.9
2024-04-13,108,서울,25.65,12.1,19.1,0.0
2024-04-14,108,서울,24.93,11.7,20.8,3.0
2024-04-15,108,서울,3.18,0.0,16.0,8.6
2024-04-16,108,서울,13.45,3.7,13.3,6.3
2024-04-17,108,서울,23.2,10.3,15.0,4.6
2024-04-18,108,서울,25.45,11.7,17.3,0.0
2024-04-19,108,서울,23.5,10.4,17.6,3.9
2024-04-20,108,서울,4.46,0.0,14.9,9.8
2024-04-21,108,서울,11.86,1.0,17.2,8.8
2024-04-22,108,서울,19.34,4.6,18.8,6.5
2024-04-23,108,서울,19.16,6.0,17.3,7.9
2024-04-24,108,서울,9.53,1.9,13.2,7.8
2024-04-25,108,서울,18.59,6.2,14.4,4.4
2024-04-26,108,서울,23.74,10.7,17.8,3.4
2024-04-27,108,서울,28.23,12.5,18.2,0.3
2024-04-28,108,서울,25.14,11.4,20.7,5.9
2024-04-29,108,서울,21.36,8.8,20.9,5.6
2024-04-30,108,서울,17.95,5.5,18.6,8.5
2024-05-01,108,서울,26.05,9.8,18.5,4.6
2024-05-02,108,서울,28.72,12.8,18.1,0.0
2024-05-03,108,서울,28.28,12.8,19.7,0.0
2024-05-04,108,서울,26.61,12.5,21.4,3.4
2024-05-05,108,서울,2.17,0.0,17.8,10.0
2024-05-06,108,서울,2.71,0.0,13.9,10.0
2024-05-07,108,서울,4.75,0.0,13.3,9.6
2024-05-08,108,서울,27.21,11.0,14.7,1.8
2024-05-09,108,서울,27.17,12.8,16.1,0.3
2024-05-10,108,서울,28.02,12.5,17.9,2.0
2024-05-11,108,서울,5.72,0.1,17.0,9.3
2024-05-12,108,서울,28.91,11.4,16.6,2.6
2024-05-13,108,서울,30.09,13.1,18.3,0.0
2024-05-14,108,서울,30.02,13.0,18.8,0.1
2024-05-15,108,서울,8.35,3.1,12.6,6.5
2024-05-16,108,서울,31.35,13.1,13.7,1.5
2024-05-17,108,서울,24.4,10.8,18.3,3.8
2024-05-18,108,서울,26.88,11.3,20.7,2.3
2024-05-19,108,서울,28.99,12.6,21.5,1.1
2024-05-20,108,서울,11.45,0.5,19.4,7.3
2024-05-21,108,서울,26.37,9.4,21.7,2.9
2024-05-22,108,서울,27.4,10.0,20.5,5.8
2024-05-23,108,서울,30.1,12.7,20.2,2.4
2024-05-24,108,서울,20.51,4.7,20.1,6.6
2024-05-25,108,서울,17.34,2.3,21.4,7.8
2024-05-26,108,서울,10.2,3.1,19.9,9.0
2024-05-27,108,서울,26.89,9.9,18.5,3.3
2024-05-28,108,서울,27.55,11.1,20.4,1.9
2024-05-29,108,서울,29.38,13.2,21.2,2.8
2024-05-30,108,서울,12.97,0.6,20.7,8.5
2024-05-31,108,서울,30.31,11.8,20.4,3.3
2024-06-01,108,서울,27.02,9.4,20.7,4.3
2024-06-02,108,서울,28.7,12.4,20.4,1.3
2024-06-03,108,서울,29.95,11.2,22.2,1.0
2024-06-04,108,서울,31.17,13.5,22.8,0.1
2024-06-05,108,서울,25.14,10.4,23.6,5.4
2024-06-06,108,서울,24.47,9.3,24.1,3.4
2024-06-07,108,서울,20.41,7.1,23.1,8.0
2024-06-08,108,서울,9.7,2.5,20.3,7.4
2024-06-09,108,서울,28.38,12.3,22.9,4.5
2024-06-10,108,서울,26.57,11.9,24.7,1.4
2024-06-11,108,서울,27.17,10.2,25.4,5.1
2024-06-12,108,서울,27.73,11.3,24.8,4.1
2024-06-13,108,서울,29.8,13.3,26.4,0.9
2024-06-14,108,서울,24.24,9.1,26.3,5.6
2024-06-15,108,서울,15.71,3.4,24.2,6.5
2024-06-16,108,서울,30.02,13.2,24.3,0.9
2024-06-17,108,서울,28.17,13.1,24.8,4.6
2024-06-18,108,서울,29.22,13.4,26.0,0.0
2024-06-19,108,서울,28.25,13.0,28.8,3.3
2024-06-20,108,서울,25.99,12.1,29.4,2.8
2024-06-21,108,서울,24.75,10.3,28.1,5.8
2024-06-22,108,서울,3.59,0.0,24.2,10.0
2024-06-23,108,서울,18.84,3.8,25.1,8.3
2024-06-24,108,서울,19.62,7.0,24.3,5.8
2024-06-25,108,서울,25.24,10.7,22.9,4.3
2024-06-26,108,서울,27.64,12.3,24.9,1.3
2024-06-27,108,서울,23.84,9.3,26.3,3.0
2024-06-28,108,서울,28.84,13.2,26.6,2.0
2024-06-29,108,서울,20.46,6.9,26.7,6.6
2024-06-30,108,서울,3.89,0.0,23.5,8.5
2024-07-01,108,서울,24.69,8.3,26.3,5.5
2024-07-02,108,서울,1.93,0.0,23.2,9.9
2024-07-03,108,서울,8.91,0.6,24.7,9.0
2024-07-04,108,서울,18.81,3.4,26.8,8.6
2024-07-05,108,서울,11.25,1.4,23.4,9.1
2024-07-06,108,서울,6.84,0.1,25.1,9.8
2024-07-07,108,서울,11.09,0.6,24.4,8.8
2024-07-08,108,서울,3.36,0.0,23.8,9.8
2024-07-09,108,서울,7.77,0.1,24.5,9.5
2024-07-10,108,서울,20.04,7.1,26.6,6.3
2024-07-11,108,서울,21.74,5.9,25.7,5.1
2024-07-12,108,서울,13.33,3.7,25.6,4.4
2024-07-13,108,서울,23.54,9.9,28.1,2.1
2024-07-14,108,서울,22.34,7.6,28.4,4.8
2024-07-15,108,서울,18.13,6.3,28.4,5.1
2024-07-16,108,서울,12.32,4.2,27.0,7.8
2024-07-17,108,서울,3.48,0.1,25.4,9.8
2024-07-18,108,서울,2.47,0.0,24.3,10.0
2024-07-19,108,서울,21.69,6.4,27.0,7.9
2024-07-20,108,서울,13.42,1.9,27.2,9.0
2024-07-21,108,서울,11.48,1.5,26.5,9.3
2024-07-22,108,서울,4.09,0.0,26.6,9.9
2024-07-23,108,서울,4.92,0.0,26.4,9.6
2024-07-24,108,서울,15.31,3.0,28.1,7.6
2024-07-25,108,서울,14.15,2.4,28.8,8.6
2024-07-26,108,서울,18.29,6.7,28.7,8.0
2024-07-27,108,서울,12.73,1.7,28.9,8.4
2024-07-28,108,서울,18.33,5.1,29.2,8.3
2024-07-29,108,서울,2.61,0.0,27.4,8.9
2024-07-30,108,서울,15.95,3.6,28.6,7.4
2024-07-31,108,서울,17.42,4.7,29.4,7.3
2024-08-01,108,서울,14.95,3.6,29.9,6.8
2024-08-02,108,서울,10.36,2.4,29.6,7.9
2024-08-03,108,서울,21.64,7.8,30.2,4.4
2024-08-04,108,서울,24.4,10.9,31.8,2.5
2024-08-05,108,서울,12.92,3.4,30.0,7.1
2024-08-06,108,서울,18.84,6.2,29.5,5.4
2024-08-07,108,서울,20.7,7.6,29.6,4.8
2024-08-08,108,서울,10.94,2.4,28.5,7.4
2024-08-09,108,서울,15.55,6.0,29.3,2.8
2024-08-10,108,서울,15.76,4.3,30.0,6.8
2024-08-11,108,서울,17.14,4.4,30.8,6.3
2024-08-12,108,서울,13.51,4.1,31.1,4.1
2024-08-13,108,서울,20.81,7.5,31.3,4.9
2024-08-14,108,서울,12.59,4.7,30.0,5.6
2024-08-15,108,서울,15.98,4.1,29.2,5.4
2024-08-16,108,서울,17.24,6.7,29.8,3.0
2024-08-17,108,서울,14.73,5.3,29.8,4.8
2024-08-18,108,서울,17.64,6.4,29.5,5.5
2024-08-19,108,서울,20.08,7.1,29.7,2.5
2024-08-20,108,서울,19.09,7.7,31.4,6.1
2024-08-21,108,서울,4.68,0.0,28.4,9.5
2024-08-22,108,서울,7.27,1.8,28.6,8.8
2024-08-23,108,서울,17.48,5.6,28.4,5.3
2024-08-24,108,서울,12.04,2.4,27.6,3.8
2024-08-25,108,서울,15.82,5.1,28.5,3.4
2024-08-26,108,서울,8.21,0.3,28.1,8.0
2024-08-27,108,서울,10.04,3.7,26.5,6.1
2024-08-28,108,서울,23.98,11.5,28.2,0.4
2024-08-29,108,서울,24.86,12.0,28.4,0.6
2024-08-30,108,서울,24.53,12.0,28.0,0.9
2024-08-31,108,서울,24.15,12.0,27.6,1.8
2024-09-01,108,서울,20.05,6.9,27.1,4.5
2024-09-02,108,서울,5.82,0.1,24.5,8.0
2024-09-03,108,서울,20.85,7.4,27.0,2.6
2024-09-04,108,서울,22.99,10.6,27.9,3.0
2024-09-05,108,서울,6.91,0.9,26.3,8.8
2024-09-06,108,서울,4.41,0.0,24.0,10.0
2024-09-07,108,서울,18.81,7.6,26.5,4.0
2024-09-08,108,서울,20.01,9.1,27.2,2.0
2024-09-09,108,서울,16.38,6.0,28.5,3.6
2024-09-10,108,서울,17.2,9.0,29.4,1.3
2024-09-11,108,서울,12.49,5.2,29.0,5.5
2024-09-12,108,서울,3.78,0.0,25.4,9.8
2024-09-13,108,서울,4.86,0.0,25.9,10.0
2024-09-14,108,서울,14.61,5.1,28.0,4.8
2024-09-15,108,서울,18.89,8.2,27.5,3.1
2024-09-16,108,서울,17.09,6.2,26.8,5.6
2024-09-17,108,서울,14.62,3.5,28.6,7.4
2024-09-18,108,서울,17.53,6.5,29.4,7.0
2024-09-19,108,서울,11.47,1.4,29.1,8.5
2024-09-20,108,서울,3.58,0.1,25.0,10.0
2024-09-21,108,서울,6.31,0.0,19.3,8.5
2024-09-22,108,서울,19.34,7.2,21.0,4.5
2024-09-23,108,서울,22.31,11.4,20.8,0.8
2024-09-24,108,서울,22.03,11.1,21.0,1.0
2024-09-25,108,서울,13.51,6.1,23.3,5.8
2024-09-26,108,서울,14.01,5.9,23.6,4.8
2024-09-27,108,서울,16.45,7.9,22.7,2.6
2024-09-28,108,서울,18.07,8.2,23.2,3.1
2024-09-29,108,서울,18.06,7.3,23.5,1.5
2024-09-30,108,서울,16.77,8.0,23.0,4.5
2024-10-01,108,서울,7.73,2.2,18.3,5.9
2024-10-02,108,서울,20.66,9.5,14.9,2.0
2024-10-03,108,서울,15.9,7.3,16.4,2.0
2024-10-04,108,서울,20.32,10.9,17.6,0.0
2024-10-05,108,서울,17.31,9.7,17.5,3.6
2024-10-06,108,서울,3.65,0.0,15.4,8.9
2024-10-07,108,서울,9.33,1.8,16.9,6.6
2024-10-08,108,서울,14.54,6.8,17.7,1.3
2024-10-09,108,서울,16.61,8.1,18.8,4.8
2024-10-10,108,서울,13.91,6.3,18.8,4.5
2024-10-11,108,서울,16.05,9.5,18.6,0.6
2024-10-12,108,서울,18.19,10.4,18.3,0.0
2024-10-13,108,서울,11.43,4.7,18.3,6.4
2024-10-14,108,서울,4.71,0.0,19.3,9.4
2024-10-15,108,서울,4.59,0.0,19.2,7.3
2024-10-16,108,서울,13.84,6.8,18.2,2.8
2024-10-17,108,서울,14.7,7.5,19.0,4.4
2024-10-18,108,서울,1.54,0.0,17.4,9.6
2024-10-19,108,서울,8.19,2.1,16.6,6.6
2024-10-20,108,서울,17.47,10.0,13.4,1.4
2024-10-21,108,서울,8.92,1.1,14.8,8.6
2024-10-22,108,서울,1.27,0.0,15.5,10.0
2024-10-23,108,서울,9.76,2.9,12.7,5.9
2024-10-24,108,서울,16.03,9.9,12.5,0.0
2024-10-25,108,서울,14.88,7.9,14.9,4.0
2024-10-26,108,서울,16.04,9.7,17.0,2.8
2024-10-27,108,서울,5.27,0.2,16.0,8.3
2024-10-28,108,서울,8.92,1.9,15.7,8.3
2024-10-29,108,서울,6.22,0.2,15.0,6.0
2024-10-30,108,서울,14.75,9.6,15.7,1.3
2024-10-31,108,서울,14.38,9.4,15.9,1.8
2024-11-01,108,서울,5.83,0.1,15.3,9.8
2024-11-02,108,서울,14.31,9.6,18.1,1.8
2024-11-03,108,서울,13.13,8.2,17.6,2.5
2024-11-04,108,서울,11.74,6.7,14.8,5.3
2024-11-05,108,서울,13.47,8.8,9.1,2.8
2024-11-06,108,서울,14.98,9.7,7.5,0.0
2024-11-07,108,서울,14.42,9.7,7.8,0.0
2024-11-08,108,서울,13.87,9.6,10.2,0.8
2024-11-09,108,서울,13.18,8.9,12.9,2.0
2024-11-10,108,서울,11.42,6.8,14.4,3.9
2024-11-11,108,서울,12.95,9.3,14.6,1.8
2024-11-12,108,서울,13.02,9.3,14.3,2.4
2024-11-13,108,서울,12.26,8.6,14.2,2.4
2024-11-14,108,서울,3.57,0.0,14.8,8.5
2024-11-15,108,서울,9.84,5.5,17.0,6.8
2024-11-17,108,서울,8.47,4.1,7.0,5.0
2024-11-18,108,서울,13.68,9.3,2.8,0.6
2024-11-19,108,서울,9.9,7.4,5.7,4.8
2024-11-20,108,서울,3.75,0.3,6.5,7.6
2024-11-21,108,서울,6.57,3.2,9.7,4.8
2024-11-22,108,서울,12.57,9.2,6.2,0.0
2024-11-23,108,서울,11.87,9.2,6.4,1.4
2024-11-24,108,서울,11.89,9.1,7.4,1.1
2024-11-25,108,서울,9.9,6.8,10.1,5.8
2024-11-26,108,서울,4.35,0.9,5.8,9.6
2024-11-27,108,서울,0.82,0.3,-0.4,9.1
2024-11-28,108,서울,8.16,4.5,0.8,5.4
2024-11-29,108,서울,8.35,5.4,0.2,2.4
2024-11-30,108,서울,4.74,2.4,2.5,4.1
2024-12-01,108,서울,7.01,2.4,5.2,5.9
2024-12-02,108,서울,5.09,2.3,6.4,2.6
2024-12-03,108,서울,11.61,8.9,1.3,3.0
2024-12-04,108,서울,11.12,8.9,3.1,1.3
2024-12-05,108,서울,9.89,6.7,3.9,2.5
2024-12-06,108,서울,11.69,9.1,2.1,0.1
2024-12-07,108,서울,10.86,7.2,0.2,0.9
2024-12-08,108,서울,11.62,9.1,-0.2,0.0
2024-12-09,108,서울,10.61,8.3,1.0,0.8
2024-12-10,108,서울,10.52,8.4,2.6,3.9
2024-12-11,108,서울,8.65,6.9,3.0,4.6
2024-12-12,108,서울,10.06,6.7,0.5,4.5
2024-12-13,108,서울,7.14,5.2,1.0,5.0
2024-12-14,108,서울,11.11,9.0,-0.8,1.3
2024-12-15,108,서울,8.76,6.0,1.2,2.8
2024-12-16,108,서울,5.61,3.8,-0.2,3.1
2024-12-17,108,서울,8.26,6.2,-0.8,1.1
2024-12-18,108,서울,11.38,9.0,-3.4,0.0
2024-12-19,108,서울,10.53,8.2,-1.4,3.3
2024-12-20,108,서울,4.9,1.4,1.4,9.1
2024-12-21,108,서울,4.03,2.0,-0.7,5.3
2024-12-22,108,서울,11.47,9.0,-3.4,0.0
2024-12-23,108,서울,10.29,7.3,0.3,0.9
2024-12-24,108,서울,11.06,9.0,-0.4,2.1
2024-12-25,108,서울,6.46,3.0,2.7,8.3
2024-12-26,108,서울,11.1,8.6,0.1,0.8
2024-12-27,108,서울,9.29,7.3,-2.6,2.3
2024-12-28,108,서울,11.01,8.3,-3.0,1.1
2024-12-29,108,서울,9.49,6.5,1.1,5.1
2024-12-30,108,서울,6.29,2.6,5.5,7.4
2024-12-31,108,서울,11.57,9.0,0.6,0.0
